#
# TABLE STRUCTURE FOR: city
#

DROP TABLE IF EXISTS `city`;

CREATE TABLE `city` (
  `id` int(10) unsigned NOT NULL AUTO_INCREMENT,
  `name` varchar(150) COLLATE utf8mb4_unicode_ci NOT NULL,
  `created_at` datetime DEFAULT current_timestamp(),
  `updated_at` datetime DEFAULT current_timestamp() ON UPDATE current_timestamp(),
  PRIMARY KEY (`id`),
  UNIQUE KEY `name` (`name`)
) ENGINE=InnoDB AUTO_INCREMENT=101 DEFAULT CHARSET=utf8mb4 COLLATE=utf8mb4_unicode_ci;

INSERT INTO `city` (`id`, `name`, `created_at`, `updated_at`) VALUES (1, 'Jackyport', '1981-12-27 23:47:29', '1994-02-09 05:25:22');
INSERT INTO `city` (`id`, `name`, `created_at`, `updated_at`) VALUES (2, 'Huelbury', '1989-04-17 01:23:38', '2008-09-30 17:33:14');
INSERT INTO `city` (`id`, `name`, `created_at`, `updated_at`) VALUES (3, 'Rudolphmouth', '1979-07-18 08:19:32', '1988-11-21 06:55:47');
INSERT INTO `city` (`id`, `name`, `created_at`, `updated_at`) VALUES (4, 'Faybury', '2019-05-31 18:09:46', '1970-03-12 23:47:25');
INSERT INTO `city` (`id`, `name`, `created_at`, `updated_at`) VALUES (5, 'Deckowborough', '1992-07-06 14:35:13', '1989-05-30 17:56:40');
INSERT INTO `city` (`id`, `name`, `created_at`, `updated_at`) VALUES (6, 'North Darwinland', '2000-06-02 17:00:29', '1982-11-08 05:49:35');
INSERT INTO `city` (`id`, `name`, `created_at`, `updated_at`) VALUES (7, 'New Tara', '1980-08-03 17:37:47', '2000-01-19 14:39:00');
INSERT INTO `city` (`id`, `name`, `created_at`, `updated_at`) VALUES (8, 'Murazikshire', '1974-06-20 05:28:00', '2006-09-04 17:11:58');
INSERT INTO `city` (`id`, `name`, `created_at`, `updated_at`) VALUES (9, 'Lake Laceyberg', '1976-01-27 23:43:02', '1984-02-11 10:05:18');
INSERT INTO `city` (`id`, `name`, `created_at`, `updated_at`) VALUES (10, 'Faustoshire', '1997-10-22 02:18:51', '2021-01-20 02:56:14');
INSERT INTO `city` (`id`, `name`, `created_at`, `updated_at`) VALUES (11, 'Hayesside', '2015-06-09 23:07:55', '1992-08-23 09:06:30');
INSERT INTO `city` (`id`, `name`, `created_at`, `updated_at`) VALUES (12, 'Princessberg', '1990-04-22 08:31:01', '2011-01-12 07:18:37');
INSERT INTO `city` (`id`, `name`, `created_at`, `updated_at`) VALUES (13, 'Port Pablo', '2002-11-18 22:11:11', '1977-10-07 10:30:07');
INSERT INTO `city` (`id`, `name`, `created_at`, `updated_at`) VALUES (14, 'Morarland', '1970-12-08 17:07:31', '1985-08-02 22:33:38');
INSERT INTO `city` (`id`, `name`, `created_at`, `updated_at`) VALUES (15, 'Port Jacinthe', '2019-11-02 03:38:48', '1990-08-31 13:58:12');
INSERT INTO `city` (`id`, `name`, `created_at`, `updated_at`) VALUES (16, 'West Greta', '2018-11-17 04:08:12', '2019-03-30 20:27:13');
INSERT INTO `city` (`id`, `name`, `created_at`, `updated_at`) VALUES (17, 'East Annabelle', '1971-10-13 15:40:16', '1972-09-30 05:57:00');
INSERT INTO `city` (`id`, `name`, `created_at`, `updated_at`) VALUES (18, 'Lourdesburgh', '2016-01-06 23:13:12', '2016-12-07 01:12:59');
INSERT INTO `city` (`id`, `name`, `created_at`, `updated_at`) VALUES (19, 'Tremblayville', '1991-03-18 07:23:01', '1988-02-12 21:07:53');
INSERT INTO `city` (`id`, `name`, `created_at`, `updated_at`) VALUES (20, 'West Bobbyhaven', '2021-01-02 04:18:38', '2001-01-23 03:26:40');
INSERT INTO `city` (`id`, `name`, `created_at`, `updated_at`) VALUES (21, 'Annefort', '2019-09-06 11:40:44', '2015-08-11 17:06:48');
INSERT INTO `city` (`id`, `name`, `created_at`, `updated_at`) VALUES (22, 'Valliefurt', '1983-08-11 21:39:24', '2009-04-26 04:54:49');
INSERT INTO `city` (`id`, `name`, `created_at`, `updated_at`) VALUES (23, 'Sophieburgh', '2016-08-14 10:02:57', '2020-10-15 15:20:29');
INSERT INTO `city` (`id`, `name`, `created_at`, `updated_at`) VALUES (24, 'Juliannemouth', '2003-05-22 18:39:34', '2017-12-28 08:59:51');
INSERT INTO `city` (`id`, `name`, `created_at`, `updated_at`) VALUES (25, 'Revaberg', '1996-12-20 12:05:48', '2007-12-31 08:29:42');
INSERT INTO `city` (`id`, `name`, `created_at`, `updated_at`) VALUES (26, 'Moenhaven', '2003-10-26 21:05:23', '2019-03-02 13:08:36');
INSERT INTO `city` (`id`, `name`, `created_at`, `updated_at`) VALUES (27, 'Effieborough', '1983-05-24 19:54:39', '1979-11-18 07:20:03');
INSERT INTO `city` (`id`, `name`, `created_at`, `updated_at`) VALUES (28, 'Port Drewfort', '1977-06-04 10:07:44', '2020-07-26 19:02:00');
INSERT INTO `city` (`id`, `name`, `created_at`, `updated_at`) VALUES (29, 'Simonishaven', '1991-07-23 04:24:15', '1974-09-03 03:48:26');
INSERT INTO `city` (`id`, `name`, `created_at`, `updated_at`) VALUES (30, 'Stehrborough', '1989-04-23 13:33:56', '1996-12-20 08:38:54');
INSERT INTO `city` (`id`, `name`, `created_at`, `updated_at`) VALUES (31, 'Nicklausview', '2000-11-10 07:52:06', '1994-04-09 07:30:14');
INSERT INTO `city` (`id`, `name`, `created_at`, `updated_at`) VALUES (32, 'Elmiraborough', '1971-09-11 15:26:01', '2017-05-23 09:00:17');
INSERT INTO `city` (`id`, `name`, `created_at`, `updated_at`) VALUES (33, 'North Raquelmouth', '2015-09-13 01:11:34', '1994-03-24 14:42:50');
INSERT INTO `city` (`id`, `name`, `created_at`, `updated_at`) VALUES (34, 'Lake Ralphhaven', '1971-03-30 07:00:42', '1991-03-01 14:12:37');
INSERT INTO `city` (`id`, `name`, `created_at`, `updated_at`) VALUES (35, 'Chelsiemouth', '2005-02-21 13:17:45', '2001-02-15 05:46:05');
INSERT INTO `city` (`id`, `name`, `created_at`, `updated_at`) VALUES (36, 'New Jackie', '1979-05-18 00:46:44', '1998-05-27 04:01:22');
INSERT INTO `city` (`id`, `name`, `created_at`, `updated_at`) VALUES (37, 'Jaskolskitown', '1999-11-06 11:18:33', '2013-11-27 10:13:35');
INSERT INTO `city` (`id`, `name`, `created_at`, `updated_at`) VALUES (38, 'Willfort', '1992-03-27 14:05:05', '2019-06-20 18:10:01');
INSERT INTO `city` (`id`, `name`, `created_at`, `updated_at`) VALUES (39, 'Richiehaven', '1978-10-13 11:18:11', '2020-01-01 08:03:51');
INSERT INTO `city` (`id`, `name`, `created_at`, `updated_at`) VALUES (40, 'Port Andrew', '1978-09-06 02:02:44', '2020-07-12 12:27:58');
INSERT INTO `city` (`id`, `name`, `created_at`, `updated_at`) VALUES (41, 'Kevinchester', '2016-10-30 08:45:34', '2014-11-29 19:49:19');
INSERT INTO `city` (`id`, `name`, `created_at`, `updated_at`) VALUES (42, 'South Shanelleland', '2010-03-20 23:38:21', '2020-06-20 16:15:28');
INSERT INTO `city` (`id`, `name`, `created_at`, `updated_at`) VALUES (43, 'West Ewaldbury', '2011-05-15 07:54:55', '2019-11-05 06:07:48');
INSERT INTO `city` (`id`, `name`, `created_at`, `updated_at`) VALUES (44, 'East Katelinport', '1988-02-22 11:01:10', '1971-08-26 16:16:47');
INSERT INTO `city` (`id`, `name`, `created_at`, `updated_at`) VALUES (45, 'Prohaskaburgh', '2007-05-20 11:59:02', '1992-12-21 05:53:47');
INSERT INTO `city` (`id`, `name`, `created_at`, `updated_at`) VALUES (46, 'Rolandobury', '1997-02-04 07:50:41', '2000-12-04 16:30:18');
INSERT INTO `city` (`id`, `name`, `created_at`, `updated_at`) VALUES (47, 'Riceland', '2015-04-24 01:45:58', '1988-08-03 15:32:21');
INSERT INTO `city` (`id`, `name`, `created_at`, `updated_at`) VALUES (48, 'Archhaven', '1986-05-15 23:36:40', '2018-11-04 16:50:21');
INSERT INTO `city` (`id`, `name`, `created_at`, `updated_at`) VALUES (49, 'Elsieshire', '2008-10-09 06:42:09', '2015-04-24 14:59:54');
INSERT INTO `city` (`id`, `name`, `created_at`, `updated_at`) VALUES (50, 'Maviston', '1971-10-22 20:10:58', '1981-07-29 12:18:35');
INSERT INTO `city` (`id`, `name`, `created_at`, `updated_at`) VALUES (51, 'East Walkerside', '1976-11-11 15:42:30', '1996-10-14 08:39:48');
INSERT INTO `city` (`id`, `name`, `created_at`, `updated_at`) VALUES (52, 'Lake Maritzatown', '1979-08-03 01:42:48', '1982-03-30 17:12:49');
INSERT INTO `city` (`id`, `name`, `created_at`, `updated_at`) VALUES (53, 'South Cyril', '1973-10-12 06:57:13', '2014-04-25 06:27:25');
INSERT INTO `city` (`id`, `name`, `created_at`, `updated_at`) VALUES (54, 'East Orville', '2018-02-19 17:52:33', '2004-04-28 14:34:54');
INSERT INTO `city` (`id`, `name`, `created_at`, `updated_at`) VALUES (55, 'Lake Bo', '1972-04-23 12:05:12', '1985-02-19 11:29:36');
INSERT INTO `city` (`id`, `name`, `created_at`, `updated_at`) VALUES (56, 'Lawrenceborough', '1979-12-17 07:21:37', '2006-07-20 11:38:44');
INSERT INTO `city` (`id`, `name`, `created_at`, `updated_at`) VALUES (57, 'Haleyfort', '1990-12-27 08:38:53', '2003-01-21 18:14:39');
INSERT INTO `city` (`id`, `name`, `created_at`, `updated_at`) VALUES (58, 'Zemlakhaven', '1990-09-27 09:48:50', '2008-06-18 04:22:47');
INSERT INTO `city` (`id`, `name`, `created_at`, `updated_at`) VALUES (59, 'East Anissaland', '1987-07-06 03:14:42', '1979-09-01 23:47:17');
INSERT INTO `city` (`id`, `name`, `created_at`, `updated_at`) VALUES (60, 'Sophiaview', '2000-05-22 21:13:32', '1992-01-20 23:18:35');
INSERT INTO `city` (`id`, `name`, `created_at`, `updated_at`) VALUES (61, 'Kozeyton', '1995-02-01 11:23:57', '1975-09-13 23:11:32');
INSERT INTO `city` (`id`, `name`, `created_at`, `updated_at`) VALUES (62, 'South Lura', '2014-10-22 13:41:03', '1974-03-15 01:01:57');
INSERT INTO `city` (`id`, `name`, `created_at`, `updated_at`) VALUES (63, 'New Otilia', '1975-11-05 19:03:20', '1992-11-30 17:24:24');
INSERT INTO `city` (`id`, `name`, `created_at`, `updated_at`) VALUES (64, 'East Othamouth', '1976-12-02 15:03:49', '2009-12-29 20:46:53');
INSERT INTO `city` (`id`, `name`, `created_at`, `updated_at`) VALUES (65, 'Legrosfurt', '1979-12-29 14:39:38', '1972-04-07 02:05:47');
INSERT INTO `city` (`id`, `name`, `created_at`, `updated_at`) VALUES (66, 'Effieshire', '1994-03-10 02:36:58', '1981-03-15 11:33:48');
INSERT INTO `city` (`id`, `name`, `created_at`, `updated_at`) VALUES (67, 'Rodriguezton', '2020-01-24 06:19:18', '2009-05-27 18:56:12');
INSERT INTO `city` (`id`, `name`, `created_at`, `updated_at`) VALUES (68, 'Kautzermouth', '2019-06-07 00:40:04', '2006-02-03 01:04:46');
INSERT INTO `city` (`id`, `name`, `created_at`, `updated_at`) VALUES (69, 'Clotildeville', '2020-09-28 13:07:45', '1983-03-05 01:55:44');
INSERT INTO `city` (`id`, `name`, `created_at`, `updated_at`) VALUES (70, 'East Ledaside', '2013-03-23 00:44:12', '2006-02-26 05:58:33');
INSERT INTO `city` (`id`, `name`, `created_at`, `updated_at`) VALUES (71, 'East Nehaside', '2015-12-01 08:26:19', '2008-12-29 13:00:58');
INSERT INTO `city` (`id`, `name`, `created_at`, `updated_at`) VALUES (72, 'West Emmiebury', '2006-08-02 10:26:17', '1970-01-01 08:00:11');
INSERT INTO `city` (`id`, `name`, `created_at`, `updated_at`) VALUES (73, 'North Olashire', '2007-10-04 23:49:12', '1981-08-26 03:18:23');
INSERT INTO `city` (`id`, `name`, `created_at`, `updated_at`) VALUES (74, 'Kossstad', '1985-05-29 12:28:18', '1975-01-18 19:13:24');
INSERT INTO `city` (`id`, `name`, `created_at`, `updated_at`) VALUES (75, 'Kristofferbury', '1982-03-10 21:31:23', '2012-10-25 15:35:06');
INSERT INTO `city` (`id`, `name`, `created_at`, `updated_at`) VALUES (76, 'South Bell', '1970-05-16 05:07:09', '2020-04-17 17:08:28');
INSERT INTO `city` (`id`, `name`, `created_at`, `updated_at`) VALUES (77, 'Schaeferfurt', '1998-11-28 12:31:04', '1978-09-14 23:07:57');
INSERT INTO `city` (`id`, `name`, `created_at`, `updated_at`) VALUES (78, 'South Carleefort', '2018-05-18 23:10:40', '1994-07-19 10:19:43');
INSERT INTO `city` (`id`, `name`, `created_at`, `updated_at`) VALUES (79, 'North Annamarie', '1998-02-27 15:59:54', '1980-02-10 04:12:55');
INSERT INTO `city` (`id`, `name`, `created_at`, `updated_at`) VALUES (80, 'Lake Darron', '1973-01-26 07:37:01', '1972-06-01 07:35:16');
INSERT INTO `city` (`id`, `name`, `created_at`, `updated_at`) VALUES (81, 'East Tillmanshire', '2006-10-13 14:33:51', '1983-08-15 16:09:40');
INSERT INTO `city` (`id`, `name`, `created_at`, `updated_at`) VALUES (82, 'South Eusebioborough', '1983-01-20 06:33:46', '1987-09-03 01:58:36');
INSERT INTO `city` (`id`, `name`, `created_at`, `updated_at`) VALUES (83, 'New Alexzander', '2013-09-20 20:12:55', '1975-08-03 13:37:56');
INSERT INTO `city` (`id`, `name`, `created_at`, `updated_at`) VALUES (84, 'Kiaraland', '1997-07-24 22:39:28', '1973-04-24 15:27:50');
INSERT INTO `city` (`id`, `name`, `created_at`, `updated_at`) VALUES (85, 'Lake Chandlerberg', '1975-03-02 01:02:11', '1988-09-16 13:32:48');
INSERT INTO `city` (`id`, `name`, `created_at`, `updated_at`) VALUES (86, 'Durganland', '1994-09-24 21:18:24', '1983-05-15 12:00:21');
INSERT INTO `city` (`id`, `name`, `created_at`, `updated_at`) VALUES (87, 'Port Armani', '1991-11-02 00:30:42', '1985-12-23 21:03:37');
INSERT INTO `city` (`id`, `name`, `created_at`, `updated_at`) VALUES (88, 'New Layneburgh', '2008-08-13 05:19:20', '1972-04-25 14:08:58');
INSERT INTO `city` (`id`, `name`, `created_at`, `updated_at`) VALUES (89, 'South Christtown', '1974-08-17 01:04:29', '1975-10-25 19:55:15');
INSERT INTO `city` (`id`, `name`, `created_at`, `updated_at`) VALUES (90, 'Thielton', '2012-07-12 03:14:42', '1996-03-16 15:24:18');
INSERT INTO `city` (`id`, `name`, `created_at`, `updated_at`) VALUES (91, 'West Adalberto', '2004-01-24 14:13:21', '1990-06-06 15:26:33');
INSERT INTO `city` (`id`, `name`, `created_at`, `updated_at`) VALUES (92, 'Veumfurt', '1973-04-11 13:34:47', '1998-07-13 10:28:47');
INSERT INTO `city` (`id`, `name`, `created_at`, `updated_at`) VALUES (93, 'Port Mariliefurt', '1973-09-04 03:09:46', '2017-06-13 12:51:04');
INSERT INTO `city` (`id`, `name`, `created_at`, `updated_at`) VALUES (94, 'Leannmouth', '1990-09-26 15:38:42', '1988-08-13 20:12:10');
INSERT INTO `city` (`id`, `name`, `created_at`, `updated_at`) VALUES (95, 'Mohammadland', '2004-03-26 11:31:41', '2014-11-08 17:53:31');
INSERT INTO `city` (`id`, `name`, `created_at`, `updated_at`) VALUES (96, 'Gorczanyview', '1985-11-08 02:06:28', '2000-05-02 16:12:32');
INSERT INTO `city` (`id`, `name`, `created_at`, `updated_at`) VALUES (97, 'O\'Keefeborough', '2018-12-17 21:17:31', '1970-02-23 01:18:31');
INSERT INTO `city` (`id`, `name`, `created_at`, `updated_at`) VALUES (98, 'Brekkemouth', '1994-07-23 00:33:56', '1983-11-19 13:25:26');
INSERT INTO `city` (`id`, `name`, `created_at`, `updated_at`) VALUES (99, 'Port Otha', '2002-02-11 21:03:24', '2004-12-12 15:14:46');
INSERT INTO `city` (`id`, `name`, `created_at`, `updated_at`) VALUES (100, 'West Cassandre', '2001-03-19 07:31:23', '2020-02-02 20:53:40');


#
# TABLE STRUCTURE FOR: communities
#

DROP TABLE IF EXISTS `communities`;

CREATE TABLE `communities` (
  `id` int(10) unsigned NOT NULL AUTO_INCREMENT,
  `name` varchar(150) COLLATE utf8mb4_unicode_ci NOT NULL,
  `media_id` int(10) unsigned DEFAULT NULL,
  `created_at` datetime DEFAULT current_timestamp(),
  `updated_at` datetime DEFAULT current_timestamp() ON UPDATE current_timestamp(),
  PRIMARY KEY (`id`),
  UNIQUE KEY `name` (`name`)
) ENGINE=InnoDB AUTO_INCREMENT=101 DEFAULT CHARSET=utf8mb4 COLLATE=utf8mb4_unicode_ci;

INSERT INTO `communities` (`id`, `name`, `media_id`, `created_at`, `updated_at`) VALUES (1, 'in', 101, '2012-06-27 00:01:30', '1983-02-18 14:40:51');
INSERT INTO `communities` (`id`, `name`, `media_id`, `created_at`, `updated_at`) VALUES (2, 'et', 102, '1980-07-09 18:06:25', '1991-01-11 12:50:46');
INSERT INTO `communities` (`id`, `name`, `media_id`, `created_at`, `updated_at`) VALUES (3, 'consequatur', 103, '2002-11-18 21:51:21', '2007-08-19 08:55:00');
INSERT INTO `communities` (`id`, `name`, `media_id`, `created_at`, `updated_at`) VALUES (4, 'ut', 104, '2020-02-06 23:26:13', '1990-10-28 07:44:09');
INSERT INTO `communities` (`id`, `name`, `media_id`, `created_at`, `updated_at`) VALUES (5, 'eius', 105, '1991-04-18 06:02:19', '1997-11-03 16:01:31');
INSERT INTO `communities` (`id`, `name`, `media_id`, `created_at`, `updated_at`) VALUES (6, 'neque', 106, '1976-06-09 16:26:25', '2001-07-11 09:53:30');
INSERT INTO `communities` (`id`, `name`, `media_id`, `created_at`, `updated_at`) VALUES (7, 'sed', 107, '1985-06-03 01:46:19', '1984-08-24 22:00:18');
INSERT INTO `communities` (`id`, `name`, `media_id`, `created_at`, `updated_at`) VALUES (8, 'fuga', 108, '2011-03-28 02:49:13', '1998-04-15 06:10:28');
INSERT INTO `communities` (`id`, `name`, `media_id`, `created_at`, `updated_at`) VALUES (9, 'doloribus', 109, '1999-05-16 00:15:50', '2017-07-21 17:57:19');
INSERT INTO `communities` (`id`, `name`, `media_id`, `created_at`, `updated_at`) VALUES (10, 'commodi', 110, '2000-06-08 02:11:51', '2004-08-17 21:27:06');
INSERT INTO `communities` (`id`, `name`, `media_id`, `created_at`, `updated_at`) VALUES (11, 'a', 111, '1998-05-09 11:28:18', '2013-12-17 16:37:58');
INSERT INTO `communities` (`id`, `name`, `media_id`, `created_at`, `updated_at`) VALUES (12, 'quo', 112, '1980-03-09 03:19:37', '1997-06-01 06:06:13');
INSERT INTO `communities` (`id`, `name`, `media_id`, `created_at`, `updated_at`) VALUES (13, 'cumque', 113, '1981-11-17 04:49:53', '1987-07-05 07:13:26');
INSERT INTO `communities` (`id`, `name`, `media_id`, `created_at`, `updated_at`) VALUES (14, 'modi', 114, '1980-01-23 04:04:25', '1974-01-02 13:01:02');
INSERT INTO `communities` (`id`, `name`, `media_id`, `created_at`, `updated_at`) VALUES (15, 'illo', 115, '2016-07-30 20:18:09', '2016-12-29 18:32:17');
INSERT INTO `communities` (`id`, `name`, `media_id`, `created_at`, `updated_at`) VALUES (16, 'quis', 116, '1991-12-31 22:02:40', '2021-04-05 01:32:39');
INSERT INTO `communities` (`id`, `name`, `media_id`, `created_at`, `updated_at`) VALUES (17, 'consectetur', 117, '1984-01-22 09:33:07', '2017-09-06 04:32:50');
INSERT INTO `communities` (`id`, `name`, `media_id`, `created_at`, `updated_at`) VALUES (18, 'ad', 118, '1978-10-12 14:24:36', '2010-11-16 14:39:03');
INSERT INTO `communities` (`id`, `name`, `media_id`, `created_at`, `updated_at`) VALUES (19, 'quia', 119, '1971-03-15 17:06:17', '2001-07-29 16:50:11');
INSERT INTO `communities` (`id`, `name`, `media_id`, `created_at`, `updated_at`) VALUES (20, 'similique', 120, '1992-01-29 09:27:36', '1993-08-16 07:08:43');
INSERT INTO `communities` (`id`, `name`, `media_id`, `created_at`, `updated_at`) VALUES (21, 'perspiciatis', 121, '2001-01-31 01:48:41', '1983-07-17 18:02:03');
INSERT INTO `communities` (`id`, `name`, `media_id`, `created_at`, `updated_at`) VALUES (22, 'saepe', 122, '2020-09-28 09:36:21', '1982-07-07 22:01:17');
INSERT INTO `communities` (`id`, `name`, `media_id`, `created_at`, `updated_at`) VALUES (23, 'vero', 123, '2002-03-13 03:47:21', '1973-05-30 00:55:39');
INSERT INTO `communities` (`id`, `name`, `media_id`, `created_at`, `updated_at`) VALUES (24, 'repellendus', 124, '2002-12-25 09:03:45', '1990-06-04 15:03:51');
INSERT INTO `communities` (`id`, `name`, `media_id`, `created_at`, `updated_at`) VALUES (25, 'reiciendis', 125, '1989-07-06 20:54:16', '1981-04-22 08:06:56');
INSERT INTO `communities` (`id`, `name`, `media_id`, `created_at`, `updated_at`) VALUES (26, 'debitis', 126, '1996-05-20 22:33:18', '2014-12-25 22:59:43');
INSERT INTO `communities` (`id`, `name`, `media_id`, `created_at`, `updated_at`) VALUES (27, 'excepturi', 127, '1972-12-06 04:54:21', '2006-11-20 12:33:31');
INSERT INTO `communities` (`id`, `name`, `media_id`, `created_at`, `updated_at`) VALUES (28, 'soluta', 128, '1989-04-06 05:56:01', '1977-11-05 20:35:42');
INSERT INTO `communities` (`id`, `name`, `media_id`, `created_at`, `updated_at`) VALUES (29, 'sint', 129, '2000-01-20 04:40:57', '1995-07-04 19:53:46');
INSERT INTO `communities` (`id`, `name`, `media_id`, `created_at`, `updated_at`) VALUES (30, 'velit', 130, '2014-06-06 03:22:49', '1988-04-26 17:06:35');
INSERT INTO `communities` (`id`, `name`, `media_id`, `created_at`, `updated_at`) VALUES (31, 'expedita', 131, '2015-10-19 06:06:28', '1995-09-06 11:14:49');
INSERT INTO `communities` (`id`, `name`, `media_id`, `created_at`, `updated_at`) VALUES (32, 'aut', 132, '1994-09-18 05:25:56', '1988-09-08 02:49:45');
INSERT INTO `communities` (`id`, `name`, `media_id`, `created_at`, `updated_at`) VALUES (33, 'id', 133, '1997-08-04 01:02:57', '2013-03-11 05:08:40');
INSERT INTO `communities` (`id`, `name`, `media_id`, `created_at`, `updated_at`) VALUES (34, 'voluptatem', 134, '1992-04-08 23:16:56', '2006-07-09 18:35:52');
INSERT INTO `communities` (`id`, `name`, `media_id`, `created_at`, `updated_at`) VALUES (35, 'molestiae', 135, '2012-04-03 19:39:21', '1973-12-16 07:57:32');
INSERT INTO `communities` (`id`, `name`, `media_id`, `created_at`, `updated_at`) VALUES (36, 'eos', 136, '2003-07-23 20:06:50', '2005-09-17 03:10:45');
INSERT INTO `communities` (`id`, `name`, `media_id`, `created_at`, `updated_at`) VALUES (37, 'sunt', 137, '2004-12-16 13:58:20', '1991-05-09 22:40:09');
INSERT INTO `communities` (`id`, `name`, `media_id`, `created_at`, `updated_at`) VALUES (38, 'ratione', 138, '2017-01-06 14:44:22', '2003-10-24 04:47:48');
INSERT INTO `communities` (`id`, `name`, `media_id`, `created_at`, `updated_at`) VALUES (39, 'voluptate', 139, '1970-05-12 10:55:13', '1988-06-30 14:09:11');
INSERT INTO `communities` (`id`, `name`, `media_id`, `created_at`, `updated_at`) VALUES (40, 'accusamus', 140, '1999-08-26 04:03:02', '1990-10-25 07:10:11');
INSERT INTO `communities` (`id`, `name`, `media_id`, `created_at`, `updated_at`) VALUES (41, 'est', 141, '2010-05-27 12:44:15', '2016-10-08 09:44:41');
INSERT INTO `communities` (`id`, `name`, `media_id`, `created_at`, `updated_at`) VALUES (42, 'nemo', 142, '1991-02-09 13:16:34', '1997-04-24 01:33:50');
INSERT INTO `communities` (`id`, `name`, `media_id`, `created_at`, `updated_at`) VALUES (43, 'suscipit', 143, '2021-05-08 21:12:49', '1995-06-21 21:30:15');
INSERT INTO `communities` (`id`, `name`, `media_id`, `created_at`, `updated_at`) VALUES (44, 'adipisci', 144, '1992-01-02 09:36:54', '1980-07-19 10:29:36');
INSERT INTO `communities` (`id`, `name`, `media_id`, `created_at`, `updated_at`) VALUES (45, 'enim', 145, '1999-09-17 11:23:04', '2015-08-05 01:09:41');
INSERT INTO `communities` (`id`, `name`, `media_id`, `created_at`, `updated_at`) VALUES (46, 'nobis', 146, '1985-03-04 22:16:40', '2009-04-11 10:52:51');
INSERT INTO `communities` (`id`, `name`, `media_id`, `created_at`, `updated_at`) VALUES (47, 'atque', 147, '2018-05-01 19:42:53', '2017-05-24 22:51:38');
INSERT INTO `communities` (`id`, `name`, `media_id`, `created_at`, `updated_at`) VALUES (48, 'sit', 148, '2007-01-09 23:15:14', '2002-06-05 23:54:37');
INSERT INTO `communities` (`id`, `name`, `media_id`, `created_at`, `updated_at`) VALUES (49, 'pariatur', 149, '1998-07-04 14:22:26', '1984-09-16 18:22:17');
INSERT INTO `communities` (`id`, `name`, `media_id`, `created_at`, `updated_at`) VALUES (50, 'architecto', 150, '1971-07-03 04:40:47', '1991-01-08 12:35:34');
INSERT INTO `communities` (`id`, `name`, `media_id`, `created_at`, `updated_at`) VALUES (51, 'facere', 151, '2009-09-14 18:45:27', '1999-05-04 20:01:45');
INSERT INTO `communities` (`id`, `name`, `media_id`, `created_at`, `updated_at`) VALUES (52, 'non', 152, '1978-07-25 18:24:30', '1991-09-29 10:16:06');
INSERT INTO `communities` (`id`, `name`, `media_id`, `created_at`, `updated_at`) VALUES (53, 'odit', 153, '1983-02-04 19:02:43', '2019-01-21 10:25:16');
INSERT INTO `communities` (`id`, `name`, `media_id`, `created_at`, `updated_at`) VALUES (54, 'sequi', 154, '1977-11-30 14:04:22', '1999-08-31 13:53:38');
INSERT INTO `communities` (`id`, `name`, `media_id`, `created_at`, `updated_at`) VALUES (55, 'qui', 155, '1986-08-14 06:14:25', '1982-04-07 13:56:06');
INSERT INTO `communities` (`id`, `name`, `media_id`, `created_at`, `updated_at`) VALUES (56, 'quam', 156, '1996-06-22 06:03:46', '1977-04-27 13:59:37');
INSERT INTO `communities` (`id`, `name`, `media_id`, `created_at`, `updated_at`) VALUES (57, 'voluptates', 157, '1994-01-12 17:32:07', '1985-06-21 08:26:11');
INSERT INTO `communities` (`id`, `name`, `media_id`, `created_at`, `updated_at`) VALUES (58, 'temporibus', 158, '1984-06-07 19:29:48', '2003-08-09 07:03:16');
INSERT INTO `communities` (`id`, `name`, `media_id`, `created_at`, `updated_at`) VALUES (59, 'quasi', 159, '1981-03-23 03:39:22', '1994-12-14 04:51:52');
INSERT INTO `communities` (`id`, `name`, `media_id`, `created_at`, `updated_at`) VALUES (60, 'corrupti', 160, '1996-10-28 05:20:36', '2010-09-27 18:38:54');
INSERT INTO `communities` (`id`, `name`, `media_id`, `created_at`, `updated_at`) VALUES (61, 'ipsa', 161, '1988-12-22 02:38:37', '2003-05-25 18:00:06');
INSERT INTO `communities` (`id`, `name`, `media_id`, `created_at`, `updated_at`) VALUES (62, 'dolor', 162, '1971-11-01 21:15:32', '2006-09-12 13:42:02');
INSERT INTO `communities` (`id`, `name`, `media_id`, `created_at`, `updated_at`) VALUES (63, 'assumenda', 163, '1989-05-04 19:26:31', '2019-06-24 15:04:48');
INSERT INTO `communities` (`id`, `name`, `media_id`, `created_at`, `updated_at`) VALUES (64, 'ullam', 164, '1988-02-13 12:56:31', '2001-01-01 00:30:15');
INSERT INTO `communities` (`id`, `name`, `media_id`, `created_at`, `updated_at`) VALUES (65, 'voluptatum', 165, '1986-03-16 06:34:30', '1988-08-30 10:14:08');
INSERT INTO `communities` (`id`, `name`, `media_id`, `created_at`, `updated_at`) VALUES (66, 'nihil', 166, '1983-06-26 22:03:55', '1982-01-17 18:25:50');
INSERT INTO `communities` (`id`, `name`, `media_id`, `created_at`, `updated_at`) VALUES (67, 'at', 167, '2012-06-19 07:35:13', '1984-04-17 12:13:47');
INSERT INTO `communities` (`id`, `name`, `media_id`, `created_at`, `updated_at`) VALUES (68, 'maxime', 168, '2010-12-26 16:49:34', '1990-05-02 11:43:57');
INSERT INTO `communities` (`id`, `name`, `media_id`, `created_at`, `updated_at`) VALUES (69, 'repudiandae', 169, '2021-01-12 05:08:09', '2011-05-04 17:08:54');
INSERT INTO `communities` (`id`, `name`, `media_id`, `created_at`, `updated_at`) VALUES (70, 'tempore', 170, '1989-11-13 05:02:02', '1998-05-11 16:00:30');
INSERT INTO `communities` (`id`, `name`, `media_id`, `created_at`, `updated_at`) VALUES (71, 'tempora', 171, '1980-04-16 11:40:45', '2008-11-11 12:02:25');
INSERT INTO `communities` (`id`, `name`, `media_id`, `created_at`, `updated_at`) VALUES (72, 'nostrum', 172, '1994-09-13 10:25:33', '1996-03-07 21:46:42');
INSERT INTO `communities` (`id`, `name`, `media_id`, `created_at`, `updated_at`) VALUES (73, 'ducimus', 173, '2000-07-25 11:35:34', '1995-07-04 19:12:40');
INSERT INTO `communities` (`id`, `name`, `media_id`, `created_at`, `updated_at`) VALUES (74, 'amet', 174, '2018-11-23 20:15:29', '1980-02-13 03:03:41');
INSERT INTO `communities` (`id`, `name`, `media_id`, `created_at`, `updated_at`) VALUES (75, 'exercitationem', 175, '2001-02-05 14:54:34', '1982-06-11 20:06:19');
INSERT INTO `communities` (`id`, `name`, `media_id`, `created_at`, `updated_at`) VALUES (76, 'laboriosam', 176, '1992-12-06 02:02:38', '2014-09-24 01:54:52');
INSERT INTO `communities` (`id`, `name`, `media_id`, `created_at`, `updated_at`) VALUES (77, 'mollitia', 177, '1982-05-02 17:47:49', '1993-12-13 01:51:19');
INSERT INTO `communities` (`id`, `name`, `media_id`, `created_at`, `updated_at`) VALUES (78, 'fugit', 178, '1999-05-15 01:27:37', '1995-03-15 21:00:53');
INSERT INTO `communities` (`id`, `name`, `media_id`, `created_at`, `updated_at`) VALUES (79, 'minima', 179, '1990-09-05 16:57:34', '1993-10-04 07:50:31');
INSERT INTO `communities` (`id`, `name`, `media_id`, `created_at`, `updated_at`) VALUES (80, 'aspernatur', 180, '2005-11-29 09:59:49', '2008-10-05 02:40:45');
INSERT INTO `communities` (`id`, `name`, `media_id`, `created_at`, `updated_at`) VALUES (81, 'possimus', 181, '1978-08-09 04:26:16', '1992-07-31 02:41:16');
INSERT INTO `communities` (`id`, `name`, `media_id`, `created_at`, `updated_at`) VALUES (82, 'alias', 182, '2012-12-21 22:23:51', '2010-11-21 07:20:40');
INSERT INTO `communities` (`id`, `name`, `media_id`, `created_at`, `updated_at`) VALUES (83, 'facilis', 183, '1977-08-25 08:03:20', '2014-06-04 08:52:30');
INSERT INTO `communities` (`id`, `name`, `media_id`, `created_at`, `updated_at`) VALUES (84, 'laudantium', 184, '2004-02-18 18:21:15', '1988-12-03 06:10:31');
INSERT INTO `communities` (`id`, `name`, `media_id`, `created_at`, `updated_at`) VALUES (85, 'aliquid', 101, '1983-03-24 21:38:27', '2009-10-14 01:10:58');
INSERT INTO `communities` (`id`, `name`, `media_id`, `created_at`, `updated_at`) VALUES (86, 'praesentium', 102, '1982-03-10 09:27:00', '1998-08-18 01:56:12');
INSERT INTO `communities` (`id`, `name`, `media_id`, `created_at`, `updated_at`) VALUES (87, 'magnam', 103, '2015-08-09 11:01:28', '1985-06-10 13:50:39');
INSERT INTO `communities` (`id`, `name`, `media_id`, `created_at`, `updated_at`) VALUES (88, 'odio', 104, '2006-03-12 02:39:07', '2009-04-17 02:44:55');
INSERT INTO `communities` (`id`, `name`, `media_id`, `created_at`, `updated_at`) VALUES (89, 'repellat', 105, '2003-07-21 22:37:31', '2001-08-24 23:01:04');
INSERT INTO `communities` (`id`, `name`, `media_id`, `created_at`, `updated_at`) VALUES (90, 'animi', 106, '1979-12-11 13:57:40', '1984-08-07 00:04:15');
INSERT INTO `communities` (`id`, `name`, `media_id`, `created_at`, `updated_at`) VALUES (91, 'eaque', 107, '1981-08-05 00:25:34', '1977-04-11 00:32:58');
INSERT INTO `communities` (`id`, `name`, `media_id`, `created_at`, `updated_at`) VALUES (92, 'consequuntur', 108, '2008-01-07 11:27:22', '2018-09-08 14:50:11');
INSERT INTO `communities` (`id`, `name`, `media_id`, `created_at`, `updated_at`) VALUES (93, 'cum', 109, '1990-06-15 04:49:50', '1972-06-07 08:40:22');
INSERT INTO `communities` (`id`, `name`, `media_id`, `created_at`, `updated_at`) VALUES (94, 'recusandae', 110, '2004-11-25 00:37:20', '2017-04-30 11:35:48');
INSERT INTO `communities` (`id`, `name`, `media_id`, `created_at`, `updated_at`) VALUES (95, 'rerum', 111, '2019-08-10 10:58:23', '1981-08-23 18:14:35');
INSERT INTO `communities` (`id`, `name`, `media_id`, `created_at`, `updated_at`) VALUES (96, 'accusantium', 112, '1979-09-26 10:54:03', '1990-10-07 14:50:17');
INSERT INTO `communities` (`id`, `name`, `media_id`, `created_at`, `updated_at`) VALUES (97, 'iste', 113, '1991-03-20 07:13:35', '1970-02-11 04:22:38');
INSERT INTO `communities` (`id`, `name`, `media_id`, `created_at`, `updated_at`) VALUES (98, 'necessitatibus', 114, '1983-12-29 04:52:59', '2012-09-12 05:47:08');
INSERT INTO `communities` (`id`, `name`, `media_id`, `created_at`, `updated_at`) VALUES (99, 'distinctio', 115, '2019-10-28 10:06:12', '1974-05-02 01:27:55');
INSERT INTO `communities` (`id`, `name`, `media_id`, `created_at`, `updated_at`) VALUES (100, 'ab', 116, '2013-06-15 21:49:34', '2017-07-06 03:48:22');


#
# TABLE STRUCTURE FOR: communities_users
#

DROP TABLE IF EXISTS `communities_users`;

CREATE TABLE `communities_users` (
  `community_id` int(10) unsigned NOT NULL,
  `user_id` int(10) unsigned NOT NULL,
  `created_at` datetime DEFAULT current_timestamp(),
  PRIMARY KEY (`community_id`,`user_id`)
) ENGINE=InnoDB DEFAULT CHARSET=utf8mb4 COLLATE=utf8mb4_unicode_ci;

INSERT INTO `communities_users` (`community_id`, `user_id`, `created_at`) VALUES (1, 1, '2011-05-08 22:42:11');
INSERT INTO `communities_users` (`community_id`, `user_id`, `created_at`) VALUES (2, 2, '2009-04-19 23:28:00');
INSERT INTO `communities_users` (`community_id`, `user_id`, `created_at`) VALUES (3, 3, '2019-08-24 14:04:21');
INSERT INTO `communities_users` (`community_id`, `user_id`, `created_at`) VALUES (4, 4, '2021-04-01 05:22:53');
INSERT INTO `communities_users` (`community_id`, `user_id`, `created_at`) VALUES (5, 5, '2008-08-10 08:54:32');
INSERT INTO `communities_users` (`community_id`, `user_id`, `created_at`) VALUES (6, 6, '1983-09-08 18:33:26');
INSERT INTO `communities_users` (`community_id`, `user_id`, `created_at`) VALUES (7, 7, '1979-06-06 02:35:51');
INSERT INTO `communities_users` (`community_id`, `user_id`, `created_at`) VALUES (8, 8, '1996-06-12 23:39:11');
INSERT INTO `communities_users` (`community_id`, `user_id`, `created_at`) VALUES (9, 9, '1981-02-28 22:10:01');
INSERT INTO `communities_users` (`community_id`, `user_id`, `created_at`) VALUES (10, 10, '1997-06-24 19:58:36');
INSERT INTO `communities_users` (`community_id`, `user_id`, `created_at`) VALUES (11, 11, '1994-03-21 20:35:31');
INSERT INTO `communities_users` (`community_id`, `user_id`, `created_at`) VALUES (12, 12, '2011-04-30 08:17:15');
INSERT INTO `communities_users` (`community_id`, `user_id`, `created_at`) VALUES (13, 13, '1978-07-10 05:46:47');
INSERT INTO `communities_users` (`community_id`, `user_id`, `created_at`) VALUES (14, 14, '2012-07-07 11:09:22');
INSERT INTO `communities_users` (`community_id`, `user_id`, `created_at`) VALUES (15, 15, '2012-12-06 11:23:02');
INSERT INTO `communities_users` (`community_id`, `user_id`, `created_at`) VALUES (16, 16, '1988-09-24 00:20:38');
INSERT INTO `communities_users` (`community_id`, `user_id`, `created_at`) VALUES (17, 17, '1985-01-23 18:43:50');
INSERT INTO `communities_users` (`community_id`, `user_id`, `created_at`) VALUES (18, 18, '1980-06-12 18:39:07');
INSERT INTO `communities_users` (`community_id`, `user_id`, `created_at`) VALUES (19, 19, '2006-09-26 17:22:59');
INSERT INTO `communities_users` (`community_id`, `user_id`, `created_at`) VALUES (20, 20, '2007-02-09 04:38:05');
INSERT INTO `communities_users` (`community_id`, `user_id`, `created_at`) VALUES (21, 21, '2002-10-11 05:55:58');
INSERT INTO `communities_users` (`community_id`, `user_id`, `created_at`) VALUES (22, 22, '1992-03-25 02:26:04');
INSERT INTO `communities_users` (`community_id`, `user_id`, `created_at`) VALUES (23, 23, '2005-08-29 09:42:31');
INSERT INTO `communities_users` (`community_id`, `user_id`, `created_at`) VALUES (24, 24, '1973-01-08 10:16:49');
INSERT INTO `communities_users` (`community_id`, `user_id`, `created_at`) VALUES (25, 25, '2021-02-11 15:28:56');
INSERT INTO `communities_users` (`community_id`, `user_id`, `created_at`) VALUES (26, 26, '1982-12-28 07:32:36');
INSERT INTO `communities_users` (`community_id`, `user_id`, `created_at`) VALUES (27, 27, '1991-11-17 14:42:50');
INSERT INTO `communities_users` (`community_id`, `user_id`, `created_at`) VALUES (28, 28, '2015-01-12 16:48:04');
INSERT INTO `communities_users` (`community_id`, `user_id`, `created_at`) VALUES (29, 29, '2007-12-29 05:10:50');
INSERT INTO `communities_users` (`community_id`, `user_id`, `created_at`) VALUES (30, 30, '1999-01-03 20:58:59');
INSERT INTO `communities_users` (`community_id`, `user_id`, `created_at`) VALUES (31, 31, '2012-06-19 04:32:50');
INSERT INTO `communities_users` (`community_id`, `user_id`, `created_at`) VALUES (32, 32, '2016-03-11 23:06:28');
INSERT INTO `communities_users` (`community_id`, `user_id`, `created_at`) VALUES (33, 33, '2008-01-07 16:49:44');
INSERT INTO `communities_users` (`community_id`, `user_id`, `created_at`) VALUES (34, 34, '2006-11-13 02:58:02');
INSERT INTO `communities_users` (`community_id`, `user_id`, `created_at`) VALUES (35, 35, '1986-12-11 23:25:01');
INSERT INTO `communities_users` (`community_id`, `user_id`, `created_at`) VALUES (36, 36, '1972-06-28 04:50:24');
INSERT INTO `communities_users` (`community_id`, `user_id`, `created_at`) VALUES (37, 37, '2018-12-10 22:53:31');
INSERT INTO `communities_users` (`community_id`, `user_id`, `created_at`) VALUES (38, 38, '1975-05-22 22:50:43');
INSERT INTO `communities_users` (`community_id`, `user_id`, `created_at`) VALUES (39, 39, '1972-12-04 11:44:03');
INSERT INTO `communities_users` (`community_id`, `user_id`, `created_at`) VALUES (40, 40, '1985-06-15 06:29:45');
INSERT INTO `communities_users` (`community_id`, `user_id`, `created_at`) VALUES (41, 41, '1973-07-21 18:56:57');
INSERT INTO `communities_users` (`community_id`, `user_id`, `created_at`) VALUES (42, 42, '2017-01-22 12:00:58');
INSERT INTO `communities_users` (`community_id`, `user_id`, `created_at`) VALUES (43, 43, '2016-08-11 09:21:54');
INSERT INTO `communities_users` (`community_id`, `user_id`, `created_at`) VALUES (44, 44, '1984-10-17 17:29:41');
INSERT INTO `communities_users` (`community_id`, `user_id`, `created_at`) VALUES (45, 45, '1998-11-14 04:52:30');
INSERT INTO `communities_users` (`community_id`, `user_id`, `created_at`) VALUES (46, 46, '1985-01-22 01:39:18');
INSERT INTO `communities_users` (`community_id`, `user_id`, `created_at`) VALUES (47, 47, '1988-02-29 20:07:28');
INSERT INTO `communities_users` (`community_id`, `user_id`, `created_at`) VALUES (48, 48, '1991-08-18 11:18:07');
INSERT INTO `communities_users` (`community_id`, `user_id`, `created_at`) VALUES (49, 49, '1978-02-23 11:50:20');
INSERT INTO `communities_users` (`community_id`, `user_id`, `created_at`) VALUES (50, 50, '1972-08-06 21:18:16');
INSERT INTO `communities_users` (`community_id`, `user_id`, `created_at`) VALUES (51, 51, '2020-04-22 15:50:27');
INSERT INTO `communities_users` (`community_id`, `user_id`, `created_at`) VALUES (52, 52, '1993-10-23 06:48:39');
INSERT INTO `communities_users` (`community_id`, `user_id`, `created_at`) VALUES (53, 53, '1997-12-12 23:07:10');
INSERT INTO `communities_users` (`community_id`, `user_id`, `created_at`) VALUES (54, 54, '2010-07-10 02:38:40');
INSERT INTO `communities_users` (`community_id`, `user_id`, `created_at`) VALUES (55, 55, '2005-03-23 10:22:31');
INSERT INTO `communities_users` (`community_id`, `user_id`, `created_at`) VALUES (56, 56, '2016-07-28 11:40:46');
INSERT INTO `communities_users` (`community_id`, `user_id`, `created_at`) VALUES (57, 57, '1973-08-09 08:06:17');
INSERT INTO `communities_users` (`community_id`, `user_id`, `created_at`) VALUES (58, 58, '2010-02-16 06:53:18');
INSERT INTO `communities_users` (`community_id`, `user_id`, `created_at`) VALUES (59, 59, '1975-01-21 08:23:48');
INSERT INTO `communities_users` (`community_id`, `user_id`, `created_at`) VALUES (60, 60, '2003-02-02 16:15:56');
INSERT INTO `communities_users` (`community_id`, `user_id`, `created_at`) VALUES (61, 61, '1991-08-09 18:50:09');
INSERT INTO `communities_users` (`community_id`, `user_id`, `created_at`) VALUES (62, 62, '1987-02-11 04:07:50');
INSERT INTO `communities_users` (`community_id`, `user_id`, `created_at`) VALUES (63, 63, '1993-08-03 15:58:34');
INSERT INTO `communities_users` (`community_id`, `user_id`, `created_at`) VALUES (64, 64, '2005-08-27 15:13:23');
INSERT INTO `communities_users` (`community_id`, `user_id`, `created_at`) VALUES (65, 65, '1983-03-26 23:45:36');
INSERT INTO `communities_users` (`community_id`, `user_id`, `created_at`) VALUES (66, 66, '1990-11-02 19:04:05');
INSERT INTO `communities_users` (`community_id`, `user_id`, `created_at`) VALUES (67, 67, '1979-12-29 22:22:00');
INSERT INTO `communities_users` (`community_id`, `user_id`, `created_at`) VALUES (68, 68, '2012-05-29 07:50:14');
INSERT INTO `communities_users` (`community_id`, `user_id`, `created_at`) VALUES (69, 69, '2015-11-27 20:51:35');
INSERT INTO `communities_users` (`community_id`, `user_id`, `created_at`) VALUES (70, 70, '2008-11-13 10:46:05');
INSERT INTO `communities_users` (`community_id`, `user_id`, `created_at`) VALUES (71, 71, '1984-09-12 19:32:46');
INSERT INTO `communities_users` (`community_id`, `user_id`, `created_at`) VALUES (72, 72, '2013-08-15 02:19:19');
INSERT INTO `communities_users` (`community_id`, `user_id`, `created_at`) VALUES (73, 73, '1990-07-24 22:39:23');
INSERT INTO `communities_users` (`community_id`, `user_id`, `created_at`) VALUES (74, 74, '1972-05-12 07:22:18');
INSERT INTO `communities_users` (`community_id`, `user_id`, `created_at`) VALUES (75, 75, '2000-11-29 10:17:57');
INSERT INTO `communities_users` (`community_id`, `user_id`, `created_at`) VALUES (76, 76, '2008-05-22 12:42:14');
INSERT INTO `communities_users` (`community_id`, `user_id`, `created_at`) VALUES (77, 77, '2012-08-20 02:15:38');
INSERT INTO `communities_users` (`community_id`, `user_id`, `created_at`) VALUES (78, 78, '2007-04-21 18:47:10');
INSERT INTO `communities_users` (`community_id`, `user_id`, `created_at`) VALUES (79, 79, '1983-05-25 10:21:16');
INSERT INTO `communities_users` (`community_id`, `user_id`, `created_at`) VALUES (80, 80, '1993-09-09 23:14:42');
INSERT INTO `communities_users` (`community_id`, `user_id`, `created_at`) VALUES (81, 81, '2012-08-06 05:59:56');
INSERT INTO `communities_users` (`community_id`, `user_id`, `created_at`) VALUES (82, 82, '1977-11-25 11:45:22');
INSERT INTO `communities_users` (`community_id`, `user_id`, `created_at`) VALUES (83, 83, '2010-07-07 21:07:41');
INSERT INTO `communities_users` (`community_id`, `user_id`, `created_at`) VALUES (84, 84, '2013-05-01 19:34:30');
INSERT INTO `communities_users` (`community_id`, `user_id`, `created_at`) VALUES (85, 85, '1971-04-03 10:27:21');
INSERT INTO `communities_users` (`community_id`, `user_id`, `created_at`) VALUES (86, 86, '2015-01-05 16:57:40');
INSERT INTO `communities_users` (`community_id`, `user_id`, `created_at`) VALUES (87, 87, '2009-09-02 05:47:08');
INSERT INTO `communities_users` (`community_id`, `user_id`, `created_at`) VALUES (88, 88, '1982-04-16 18:26:36');
INSERT INTO `communities_users` (`community_id`, `user_id`, `created_at`) VALUES (89, 89, '1999-10-17 02:00:32');
INSERT INTO `communities_users` (`community_id`, `user_id`, `created_at`) VALUES (90, 90, '1978-04-12 22:54:04');
INSERT INTO `communities_users` (`community_id`, `user_id`, `created_at`) VALUES (91, 91, '1980-01-05 06:53:20');
INSERT INTO `communities_users` (`community_id`, `user_id`, `created_at`) VALUES (92, 92, '2003-06-10 08:29:20');
INSERT INTO `communities_users` (`community_id`, `user_id`, `created_at`) VALUES (93, 93, '1977-01-29 03:42:44');
INSERT INTO `communities_users` (`community_id`, `user_id`, `created_at`) VALUES (94, 94, '2015-08-25 05:05:21');
INSERT INTO `communities_users` (`community_id`, `user_id`, `created_at`) VALUES (95, 95, '2003-06-19 15:45:14');
INSERT INTO `communities_users` (`community_id`, `user_id`, `created_at`) VALUES (96, 96, '1997-06-12 06:38:30');
INSERT INTO `communities_users` (`community_id`, `user_id`, `created_at`) VALUES (97, 97, '1984-09-11 02:22:22');
INSERT INTO `communities_users` (`community_id`, `user_id`, `created_at`) VALUES (98, 98, '2017-12-05 19:14:46');
INSERT INTO `communities_users` (`community_id`, `user_id`, `created_at`) VALUES (99, 99, '1971-08-01 13:44:41');
INSERT INTO `communities_users` (`community_id`, `user_id`, `created_at`) VALUES (100, 100, '2013-02-06 02:37:27');


#
# TABLE STRUCTURE FOR: country
#

DROP TABLE IF EXISTS `country`;

CREATE TABLE `country` (
  `id` int(10) unsigned NOT NULL AUTO_INCREMENT,
  `name` varchar(150) COLLATE utf8mb4_unicode_ci NOT NULL,
  `created_at` datetime DEFAULT current_timestamp(),
  `updated_at` datetime DEFAULT current_timestamp() ON UPDATE current_timestamp(),
  PRIMARY KEY (`id`),
  UNIQUE KEY `name` (`name`)
) ENGINE=InnoDB AUTO_INCREMENT=101 DEFAULT CHARSET=utf8mb4 COLLATE=utf8mb4_unicode_ci;

INSERT INTO `country` (`id`, `name`, `created_at`, `updated_at`) VALUES (1, 'India', '1991-12-10 14:02:33', '1996-11-01 23:36:05');
INSERT INTO `country` (`id`, `name`, `created_at`, `updated_at`) VALUES (2, 'Oman', '2009-04-20 17:48:36', '1984-01-09 11:10:30');
INSERT INTO `country` (`id`, `name`, `created_at`, `updated_at`) VALUES (3, 'Netherlands Antilles', '2016-09-18 08:33:36', '1978-01-03 12:32:51');
INSERT INTO `country` (`id`, `name`, `created_at`, `updated_at`) VALUES (4, 'Peru', '1983-10-19 20:43:41', '2008-05-29 13:21:29');
INSERT INTO `country` (`id`, `name`, `created_at`, `updated_at`) VALUES (5, 'Afghanistan', '2020-03-14 21:10:10', '1990-02-06 06:59:12');
INSERT INTO `country` (`id`, `name`, `created_at`, `updated_at`) VALUES (6, 'Libyan Arab Jamahiriya', '1993-06-10 05:47:10', '1991-12-30 01:05:58');
INSERT INTO `country` (`id`, `name`, `created_at`, `updated_at`) VALUES (7, 'Thailand', '2005-05-30 08:30:46', '1985-10-15 00:50:12');
INSERT INTO `country` (`id`, `name`, `created_at`, `updated_at`) VALUES (8, 'Namibia', '1995-08-10 16:16:57', '1976-03-11 11:28:10');
INSERT INTO `country` (`id`, `name`, `created_at`, `updated_at`) VALUES (9, 'Jersey', '2005-02-14 12:40:37', '1971-12-08 13:43:17');
INSERT INTO `country` (`id`, `name`, `created_at`, `updated_at`) VALUES (10, 'Jamaica', '2004-11-02 20:49:07', '1975-07-26 12:53:10');
INSERT INTO `country` (`id`, `name`, `created_at`, `updated_at`) VALUES (11, 'Ghana', '2008-11-06 04:04:35', '1978-11-13 23:46:25');
INSERT INTO `country` (`id`, `name`, `created_at`, `updated_at`) VALUES (12, 'Turks and Caicos Islands', '1990-10-13 19:13:37', '1978-10-01 19:55:53');
INSERT INTO `country` (`id`, `name`, `created_at`, `updated_at`) VALUES (13, 'Macao', '1970-04-09 09:50:43', '1972-01-23 11:05:20');
INSERT INTO `country` (`id`, `name`, `created_at`, `updated_at`) VALUES (14, 'Korea', '2009-07-17 13:38:32', '1981-06-10 04:34:47');
INSERT INTO `country` (`id`, `name`, `created_at`, `updated_at`) VALUES (15, 'Russian Federation', '1993-02-11 23:08:14', '2000-01-28 14:36:56');
INSERT INTO `country` (`id`, `name`, `created_at`, `updated_at`) VALUES (16, 'Saint Pierre and Miquelon', '1980-09-12 12:25:28', '1984-09-27 08:07:42');
INSERT INTO `country` (`id`, `name`, `created_at`, `updated_at`) VALUES (17, 'Serbia', '2014-08-26 01:19:15', '1978-04-15 22:05:56');
INSERT INTO `country` (`id`, `name`, `created_at`, `updated_at`) VALUES (18, 'Mozambique', '1983-09-21 05:09:07', '1990-09-25 21:47:50');
INSERT INTO `country` (`id`, `name`, `created_at`, `updated_at`) VALUES (19, 'Tanzania', '1998-07-23 01:33:45', '1986-12-06 23:11:41');
INSERT INTO `country` (`id`, `name`, `created_at`, `updated_at`) VALUES (20, 'Uruguay', '2012-09-13 21:46:23', '1976-05-01 19:14:39');
INSERT INTO `country` (`id`, `name`, `created_at`, `updated_at`) VALUES (21, 'United States Minor Outlying Islands', '2016-06-04 20:34:18', '1984-01-20 15:06:40');
INSERT INTO `country` (`id`, `name`, `created_at`, `updated_at`) VALUES (22, 'Venezuela', '1972-03-04 16:03:46', '1994-08-10 09:56:41');
INSERT INTO `country` (`id`, `name`, `created_at`, `updated_at`) VALUES (23, 'Cyprus', '2005-09-09 21:20:08', '1970-06-23 11:56:25');
INSERT INTO `country` (`id`, `name`, `created_at`, `updated_at`) VALUES (24, 'Estonia', '1990-08-11 04:27:41', '1980-11-27 18:43:43');
INSERT INTO `country` (`id`, `name`, `created_at`, `updated_at`) VALUES (25, 'Bahrain', '2013-09-19 14:00:40', '1994-02-18 15:29:34');
INSERT INTO `country` (`id`, `name`, `created_at`, `updated_at`) VALUES (26, 'Costa Rica', '1971-10-19 13:45:31', '1976-02-29 17:39:20');
INSERT INTO `country` (`id`, `name`, `created_at`, `updated_at`) VALUES (27, 'Guinea-Bissau', '1994-05-08 08:48:53', '1979-04-15 01:20:56');
INSERT INTO `country` (`id`, `name`, `created_at`, `updated_at`) VALUES (28, 'Heard Island and McDonald Islands', '2010-02-19 03:10:04', '2003-10-14 22:01:43');
INSERT INTO `country` (`id`, `name`, `created_at`, `updated_at`) VALUES (29, 'Turkmenistan', '1995-02-21 09:25:08', '2011-11-21 06:17:21');
INSERT INTO `country` (`id`, `name`, `created_at`, `updated_at`) VALUES (30, 'South Georgia and the South Sandwich Islands', '1998-09-06 20:59:58', '2019-01-19 22:47:11');
INSERT INTO `country` (`id`, `name`, `created_at`, `updated_at`) VALUES (31, 'Saint Barthelemy', '2006-11-09 05:48:32', '1988-05-05 13:53:06');
INSERT INTO `country` (`id`, `name`, `created_at`, `updated_at`) VALUES (32, 'Guam', '1992-07-20 20:23:32', '2010-04-24 18:37:59');
INSERT INTO `country` (`id`, `name`, `created_at`, `updated_at`) VALUES (33, 'Equatorial Guinea', '1990-03-05 12:17:35', '1996-03-05 19:13:41');
INSERT INTO `country` (`id`, `name`, `created_at`, `updated_at`) VALUES (34, 'Singapore', '1973-02-13 12:26:56', '2001-02-07 18:05:18');
INSERT INTO `country` (`id`, `name`, `created_at`, `updated_at`) VALUES (35, 'United States Virgin Islands', '1975-07-24 17:31:40', '2003-03-26 22:16:33');
INSERT INTO `country` (`id`, `name`, `created_at`, `updated_at`) VALUES (36, 'Myanmar', '1988-02-10 00:51:16', '2020-11-21 00:33:07');
INSERT INTO `country` (`id`, `name`, `created_at`, `updated_at`) VALUES (37, 'Niue', '1995-04-29 08:14:15', '1989-07-10 05:17:21');
INSERT INTO `country` (`id`, `name`, `created_at`, `updated_at`) VALUES (38, 'Sweden', '1974-03-14 06:50:43', '2014-10-18 20:37:07');
INSERT INTO `country` (`id`, `name`, `created_at`, `updated_at`) VALUES (39, 'Indonesia', '1980-03-14 09:39:42', '1986-04-13 21:23:32');
INSERT INTO `country` (`id`, `name`, `created_at`, `updated_at`) VALUES (40, 'Bangladesh', '1970-03-16 12:16:05', '1980-06-24 06:21:54');
INSERT INTO `country` (`id`, `name`, `created_at`, `updated_at`) VALUES (41, 'Israel', '1989-12-30 00:36:58', '1973-10-30 07:55:50');
INSERT INTO `country` (`id`, `name`, `created_at`, `updated_at`) VALUES (42, 'Pitcairn Islands', '1973-04-10 08:37:46', '1993-06-20 10:51:26');
INSERT INTO `country` (`id`, `name`, `created_at`, `updated_at`) VALUES (43, 'Botswana', '1978-08-31 23:26:50', '1977-01-20 02:02:30');
INSERT INTO `country` (`id`, `name`, `created_at`, `updated_at`) VALUES (44, 'Chile', '1997-04-08 03:11:42', '2009-11-06 22:34:36');
INSERT INTO `country` (`id`, `name`, `created_at`, `updated_at`) VALUES (45, 'Qatar', '2021-03-21 20:25:49', '1991-01-14 21:41:35');
INSERT INTO `country` (`id`, `name`, `created_at`, `updated_at`) VALUES (46, 'Cote d\'Ivoire', '2004-02-25 18:34:44', '1991-07-31 15:24:55');
INSERT INTO `country` (`id`, `name`, `created_at`, `updated_at`) VALUES (47, 'Dominican Republic', '1992-07-18 17:30:34', '1970-06-11 06:52:11');
INSERT INTO `country` (`id`, `name`, `created_at`, `updated_at`) VALUES (48, 'Puerto Rico', '1988-08-30 18:41:27', '1976-10-30 17:22:57');
INSERT INTO `country` (`id`, `name`, `created_at`, `updated_at`) VALUES (49, 'Cambodia', '2003-09-21 09:50:55', '2011-02-01 00:23:56');
INSERT INTO `country` (`id`, `name`, `created_at`, `updated_at`) VALUES (50, 'Tuvalu', '1992-12-13 07:41:26', '1981-07-05 22:46:36');
INSERT INTO `country` (`id`, `name`, `created_at`, `updated_at`) VALUES (51, 'Belgium', '1976-09-28 03:21:38', '1982-09-18 20:41:11');
INSERT INTO `country` (`id`, `name`, `created_at`, `updated_at`) VALUES (52, 'Sri Lanka', '1991-11-29 11:12:50', '1993-04-23 01:01:59');
INSERT INTO `country` (`id`, `name`, `created_at`, `updated_at`) VALUES (53, 'French Southern Territories', '1997-04-23 10:56:12', '1971-01-01 00:09:24');
INSERT INTO `country` (`id`, `name`, `created_at`, `updated_at`) VALUES (54, 'Burkina Faso', '1977-01-29 03:04:09', '1988-06-21 14:41:31');
INSERT INTO `country` (`id`, `name`, `created_at`, `updated_at`) VALUES (55, 'Bermuda', '2014-03-10 10:35:40', '1994-01-03 13:58:02');
INSERT INTO `country` (`id`, `name`, `created_at`, `updated_at`) VALUES (56, 'South Africa', '2009-03-01 08:50:43', '2019-12-06 17:01:45');
INSERT INTO `country` (`id`, `name`, `created_at`, `updated_at`) VALUES (57, 'Netherlands', '2020-04-25 17:50:02', '1988-04-07 20:46:26');
INSERT INTO `country` (`id`, `name`, `created_at`, `updated_at`) VALUES (58, 'Antigua and Barbuda', '1971-07-16 02:16:47', '2002-12-11 13:34:28');
INSERT INTO `country` (`id`, `name`, `created_at`, `updated_at`) VALUES (59, 'Holy See (Vatican City State)', '2003-06-30 01:00:41', '2016-02-27 05:54:35');
INSERT INTO `country` (`id`, `name`, `created_at`, `updated_at`) VALUES (60, 'Yemen', '1981-09-05 02:41:10', '1977-01-25 01:53:42');
INSERT INTO `country` (`id`, `name`, `created_at`, `updated_at`) VALUES (61, 'Mexico', '1978-08-25 03:43:23', '1975-08-30 17:01:01');
INSERT INTO `country` (`id`, `name`, `created_at`, `updated_at`) VALUES (62, 'Seychelles', '1992-05-02 02:22:53', '2018-05-08 22:36:32');
INSERT INTO `country` (`id`, `name`, `created_at`, `updated_at`) VALUES (63, 'Maldives', '2003-05-20 04:02:03', '1972-08-12 02:58:57');
INSERT INTO `country` (`id`, `name`, `created_at`, `updated_at`) VALUES (64, 'Mauritius', '1995-08-15 13:37:12', '1988-03-25 18:17:55');
INSERT INTO `country` (`id`, `name`, `created_at`, `updated_at`) VALUES (65, 'Zambia', '1989-03-08 22:01:49', '2004-09-04 09:41:10');
INSERT INTO `country` (`id`, `name`, `created_at`, `updated_at`) VALUES (66, 'Austria', '1970-04-25 12:58:48', '1997-06-23 23:50:31');
INSERT INTO `country` (`id`, `name`, `created_at`, `updated_at`) VALUES (67, 'New Caledonia', '1983-01-22 02:51:13', '2017-07-05 12:37:39');
INSERT INTO `country` (`id`, `name`, `created_at`, `updated_at`) VALUES (68, 'American Samoa', '1992-11-22 12:55:01', '1996-07-14 10:01:12');
INSERT INTO `country` (`id`, `name`, `created_at`, `updated_at`) VALUES (69, 'Vietnam', '2000-04-30 22:28:46', '1998-03-12 02:58:57');
INSERT INTO `country` (`id`, `name`, `created_at`, `updated_at`) VALUES (70, 'Hungary', '1983-10-24 03:03:35', '1993-09-10 22:46:38');
INSERT INTO `country` (`id`, `name`, `created_at`, `updated_at`) VALUES (71, 'Guatemala', '1975-10-14 08:35:43', '2019-09-25 07:03:58');
INSERT INTO `country` (`id`, `name`, `created_at`, `updated_at`) VALUES (72, 'Cameroon', '2006-04-07 04:52:48', '1989-10-26 22:27:26');
INSERT INTO `country` (`id`, `name`, `created_at`, `updated_at`) VALUES (73, 'Malta', '2005-07-05 04:09:31', '1986-02-10 04:20:27');
INSERT INTO `country` (`id`, `name`, `created_at`, `updated_at`) VALUES (74, 'Liechtenstein', '1984-11-17 15:13:00', '2004-03-29 22:15:57');
INSERT INTO `country` (`id`, `name`, `created_at`, `updated_at`) VALUES (75, 'Mauritania', '1999-05-15 02:21:47', '1987-09-25 11:26:35');
INSERT INTO `country` (`id`, `name`, `created_at`, `updated_at`) VALUES (76, 'Colombia', '2008-12-30 16:04:21', '2003-04-06 21:15:22');
INSERT INTO `country` (`id`, `name`, `created_at`, `updated_at`) VALUES (77, 'Malaysia', '2006-06-30 16:56:59', '2017-02-28 05:10:05');
INSERT INTO `country` (`id`, `name`, `created_at`, `updated_at`) VALUES (78, 'Gibraltar', '1971-06-10 22:48:53', '2003-02-06 21:02:07');
INSERT INTO `country` (`id`, `name`, `created_at`, `updated_at`) VALUES (79, 'Monaco', '1997-05-26 11:44:00', '2015-09-01 13:49:39');
INSERT INTO `country` (`id`, `name`, `created_at`, `updated_at`) VALUES (80, 'Fiji', '1983-08-29 16:21:11', '2016-12-01 20:26:29');
INSERT INTO `country` (`id`, `name`, `created_at`, `updated_at`) VALUES (81, 'Brunei Darussalam', '1975-02-12 10:13:04', '2005-02-14 13:02:28');
INSERT INTO `country` (`id`, `name`, `created_at`, `updated_at`) VALUES (82, 'Greece', '2018-12-05 07:05:43', '2009-06-21 03:42:25');
INSERT INTO `country` (`id`, `name`, `created_at`, `updated_at`) VALUES (83, 'Christmas Island', '2019-04-29 09:40:54', '2010-03-11 21:06:59');
INSERT INTO `country` (`id`, `name`, `created_at`, `updated_at`) VALUES (84, 'Micronesia', '1993-09-08 16:45:07', '2002-08-14 13:09:10');
INSERT INTO `country` (`id`, `name`, `created_at`, `updated_at`) VALUES (85, 'Cook Islands', '1991-08-05 23:02:06', '1972-12-09 10:26:06');
INSERT INTO `country` (`id`, `name`, `created_at`, `updated_at`) VALUES (86, 'Nigeria', '1971-02-12 19:58:59', '2013-10-22 20:48:18');
INSERT INTO `country` (`id`, `name`, `created_at`, `updated_at`) VALUES (87, 'Cayman Islands', '1995-10-20 22:04:56', '2015-12-03 21:18:04');
INSERT INTO `country` (`id`, `name`, `created_at`, `updated_at`) VALUES (88, 'Reunion', '2020-08-15 22:36:23', '1990-09-09 01:09:54');
INSERT INTO `country` (`id`, `name`, `created_at`, `updated_at`) VALUES (89, 'Saint Martin', '1975-11-16 02:50:22', '2016-09-26 16:05:23');
INSERT INTO `country` (`id`, `name`, `created_at`, `updated_at`) VALUES (90, 'Mongolia', '1989-07-26 18:46:10', '1991-02-12 23:26:20');
INSERT INTO `country` (`id`, `name`, `created_at`, `updated_at`) VALUES (91, 'Cocos (Keeling) Islands', '1988-07-17 11:04:05', '2000-06-12 12:55:07');
INSERT INTO `country` (`id`, `name`, `created_at`, `updated_at`) VALUES (92, 'Jordan', '1990-10-15 03:58:33', '1998-03-16 23:19:05');
INSERT INTO `country` (`id`, `name`, `created_at`, `updated_at`) VALUES (93, 'Suriname', '2010-04-16 10:02:08', '1997-05-19 11:19:02');
INSERT INTO `country` (`id`, `name`, `created_at`, `updated_at`) VALUES (94, 'Benin', '1979-08-18 13:00:58', '1988-04-17 05:26:12');
INSERT INTO `country` (`id`, `name`, `created_at`, `updated_at`) VALUES (95, 'Bulgaria', '2000-09-04 23:21:23', '2002-01-06 06:34:18');
INSERT INTO `country` (`id`, `name`, `created_at`, `updated_at`) VALUES (96, 'Bosnia and Herzegovina', '1996-09-18 16:46:30', '1984-08-16 14:37:47');
INSERT INTO `country` (`id`, `name`, `created_at`, `updated_at`) VALUES (97, 'Slovenia', '1994-06-25 21:41:28', '2018-12-27 05:12:24');
INSERT INTO `country` (`id`, `name`, `created_at`, `updated_at`) VALUES (98, 'Iceland', '1991-09-06 06:05:59', '1984-11-28 01:19:09');
INSERT INTO `country` (`id`, `name`, `created_at`, `updated_at`) VALUES (99, 'Kyrgyz Republic', '1990-07-27 19:35:47', '1993-02-26 06:31:24');
INSERT INTO `country` (`id`, `name`, `created_at`, `updated_at`) VALUES (100, 'Samoa', '2014-11-26 05:27:46', '2005-05-11 03:47:23');


#
# TABLE STRUCTURE FOR: friendship
#

DROP TABLE IF EXISTS `friendship`;

CREATE TABLE `friendship` (
  `user_id` int(10) unsigned NOT NULL,
  `friend_id` int(10) unsigned NOT NULL,
  `status_id` int(10) unsigned NOT NULL,
  `requested_at` datetime DEFAULT current_timestamp(),
  `confirmed_at` datetime DEFAULT NULL,
  `created_at` datetime DEFAULT current_timestamp(),
  `updated_at` datetime DEFAULT current_timestamp() ON UPDATE current_timestamp(),
  PRIMARY KEY (`user_id`,`friend_id`)
) ENGINE=InnoDB DEFAULT CHARSET=utf8mb4 COLLATE=utf8mb4_unicode_ci;

INSERT INTO `friendship` (`user_id`, `friend_id`, `status_id`, `requested_at`, `confirmed_at`, `created_at`, `updated_at`) VALUES (1, 1, 1, '2004-06-16 02:17:02', '2000-04-09 08:32:13', '2005-11-19 05:03:23', '2006-11-30 05:20:52');
INSERT INTO `friendship` (`user_id`, `friend_id`, `status_id`, `requested_at`, `confirmed_at`, `created_at`, `updated_at`) VALUES (2, 2, 2, '1981-12-19 08:47:50', '1974-07-09 00:14:06', '2006-03-18 18:13:12', '1970-12-19 12:19:26');
INSERT INTO `friendship` (`user_id`, `friend_id`, `status_id`, `requested_at`, `confirmed_at`, `created_at`, `updated_at`) VALUES (3, 3, 3, '1980-11-22 22:28:34', '1983-08-10 03:45:56', '1995-02-21 06:01:03', '2003-04-09 04:14:22');
INSERT INTO `friendship` (`user_id`, `friend_id`, `status_id`, `requested_at`, `confirmed_at`, `created_at`, `updated_at`) VALUES (4, 4, 4, '1998-08-30 18:27:09', '1971-12-02 13:16:46', '1973-04-15 23:27:27', '2004-03-16 20:05:34');
INSERT INTO `friendship` (`user_id`, `friend_id`, `status_id`, `requested_at`, `confirmed_at`, `created_at`, `updated_at`) VALUES (5, 5, 5, '2017-03-31 05:06:45', '1975-06-18 17:53:04', '1978-07-17 17:46:35', '1988-10-15 09:39:14');
INSERT INTO `friendship` (`user_id`, `friend_id`, `status_id`, `requested_at`, `confirmed_at`, `created_at`, `updated_at`) VALUES (6, 6, 6, '2014-01-24 02:32:40', '2013-11-29 17:28:45', '1976-10-14 17:33:40', '1999-09-05 09:43:57');
INSERT INTO `friendship` (`user_id`, `friend_id`, `status_id`, `requested_at`, `confirmed_at`, `created_at`, `updated_at`) VALUES (7, 7, 7, '1995-02-02 10:35:02', '2013-09-06 14:04:27', '1973-11-10 23:28:11', '1972-12-06 00:03:02');
INSERT INTO `friendship` (`user_id`, `friend_id`, `status_id`, `requested_at`, `confirmed_at`, `created_at`, `updated_at`) VALUES (8, 8, 8, '1983-11-04 08:34:00', '2020-08-15 12:44:05', '1987-08-01 04:56:58', '1980-04-07 12:48:39');
INSERT INTO `friendship` (`user_id`, `friend_id`, `status_id`, `requested_at`, `confirmed_at`, `created_at`, `updated_at`) VALUES (9, 9, 9, '2013-11-30 02:02:55', '2008-08-26 14:39:44', '2003-01-10 20:49:42', '2008-09-02 13:48:17');
INSERT INTO `friendship` (`user_id`, `friend_id`, `status_id`, `requested_at`, `confirmed_at`, `created_at`, `updated_at`) VALUES (10, 10, 10, '1993-01-17 15:10:50', '1991-06-25 16:57:20', '2014-09-14 12:41:34', '1991-03-23 03:09:16');
INSERT INTO `friendship` (`user_id`, `friend_id`, `status_id`, `requested_at`, `confirmed_at`, `created_at`, `updated_at`) VALUES (11, 11, 11, '2012-04-10 22:30:43', '2011-11-14 09:15:41', '2003-01-13 12:35:29', '1993-07-12 20:08:25');
INSERT INTO `friendship` (`user_id`, `friend_id`, `status_id`, `requested_at`, `confirmed_at`, `created_at`, `updated_at`) VALUES (12, 12, 12, '2019-03-07 11:00:09', '1993-09-30 02:13:06', '1970-01-25 13:14:52', '2009-03-02 22:03:39');
INSERT INTO `friendship` (`user_id`, `friend_id`, `status_id`, `requested_at`, `confirmed_at`, `created_at`, `updated_at`) VALUES (13, 13, 13, '1976-09-07 17:25:24', '1998-09-16 06:49:14', '1971-01-14 05:48:56', '1988-12-28 23:01:05');
INSERT INTO `friendship` (`user_id`, `friend_id`, `status_id`, `requested_at`, `confirmed_at`, `created_at`, `updated_at`) VALUES (14, 14, 14, '1982-06-25 07:30:57', '1983-12-24 12:08:16', '1976-06-11 07:49:27', '1977-07-09 09:00:57');
INSERT INTO `friendship` (`user_id`, `friend_id`, `status_id`, `requested_at`, `confirmed_at`, `created_at`, `updated_at`) VALUES (15, 15, 15, '2002-03-14 10:12:25', '2016-02-23 16:39:22', '2001-02-18 11:50:36', '1995-08-10 01:25:17');
INSERT INTO `friendship` (`user_id`, `friend_id`, `status_id`, `requested_at`, `confirmed_at`, `created_at`, `updated_at`) VALUES (16, 16, 16, '1976-08-13 06:39:23', '2005-03-06 09:09:26', '2005-08-25 01:43:12', '2004-02-26 13:12:58');
INSERT INTO `friendship` (`user_id`, `friend_id`, `status_id`, `requested_at`, `confirmed_at`, `created_at`, `updated_at`) VALUES (17, 17, 17, '1973-01-04 00:52:14', '1975-12-27 13:10:42', '1986-09-01 05:10:12', '2020-02-26 18:39:32');
INSERT INTO `friendship` (`user_id`, `friend_id`, `status_id`, `requested_at`, `confirmed_at`, `created_at`, `updated_at`) VALUES (18, 18, 18, '1992-04-06 21:04:12', '1991-07-24 04:52:23', '1997-05-30 05:37:48', '2020-09-08 18:07:58');
INSERT INTO `friendship` (`user_id`, `friend_id`, `status_id`, `requested_at`, `confirmed_at`, `created_at`, `updated_at`) VALUES (19, 19, 19, '1989-08-24 14:33:18', '2006-12-26 17:55:16', '2018-06-20 09:03:46', '2003-09-28 03:47:34');
INSERT INTO `friendship` (`user_id`, `friend_id`, `status_id`, `requested_at`, `confirmed_at`, `created_at`, `updated_at`) VALUES (20, 20, 20, '1983-04-18 02:22:07', '1999-07-02 23:49:53', '2009-12-01 13:48:13', '2001-09-23 04:14:26');
INSERT INTO `friendship` (`user_id`, `friend_id`, `status_id`, `requested_at`, `confirmed_at`, `created_at`, `updated_at`) VALUES (21, 21, 21, '1971-11-21 18:07:42', '2020-05-19 01:28:18', '1988-09-18 00:58:16', '1987-01-01 09:14:02');
INSERT INTO `friendship` (`user_id`, `friend_id`, `status_id`, `requested_at`, `confirmed_at`, `created_at`, `updated_at`) VALUES (22, 22, 22, '2019-09-29 14:04:55', '2010-03-02 02:01:47', '1975-12-18 20:49:51', '1993-09-01 10:35:46');
INSERT INTO `friendship` (`user_id`, `friend_id`, `status_id`, `requested_at`, `confirmed_at`, `created_at`, `updated_at`) VALUES (23, 23, 23, '1986-06-03 11:19:40', '1980-04-03 21:14:18', '2015-06-22 19:45:24', '2018-07-14 09:23:37');
INSERT INTO `friendship` (`user_id`, `friend_id`, `status_id`, `requested_at`, `confirmed_at`, `created_at`, `updated_at`) VALUES (24, 24, 24, '2010-03-12 15:56:31', '1986-11-09 09:56:45', '1992-05-30 11:10:17', '2014-03-24 23:52:11');
INSERT INTO `friendship` (`user_id`, `friend_id`, `status_id`, `requested_at`, `confirmed_at`, `created_at`, `updated_at`) VALUES (25, 25, 25, '2001-02-20 06:03:49', '2011-02-18 07:54:54', '2010-02-20 03:50:50', '2009-04-11 17:40:39');
INSERT INTO `friendship` (`user_id`, `friend_id`, `status_id`, `requested_at`, `confirmed_at`, `created_at`, `updated_at`) VALUES (26, 26, 26, '1977-05-16 07:16:36', '2021-01-24 00:18:34', '2016-09-23 06:48:12', '1976-02-11 17:35:40');
INSERT INTO `friendship` (`user_id`, `friend_id`, `status_id`, `requested_at`, `confirmed_at`, `created_at`, `updated_at`) VALUES (27, 27, 27, '1993-12-22 17:36:44', '2005-08-29 04:28:50', '1992-11-24 20:42:16', '2002-02-09 07:09:09');
INSERT INTO `friendship` (`user_id`, `friend_id`, `status_id`, `requested_at`, `confirmed_at`, `created_at`, `updated_at`) VALUES (28, 28, 28, '1981-12-16 00:40:12', '1982-07-26 05:09:33', '1996-12-27 14:12:06', '2003-01-16 21:59:23');
INSERT INTO `friendship` (`user_id`, `friend_id`, `status_id`, `requested_at`, `confirmed_at`, `created_at`, `updated_at`) VALUES (29, 29, 29, '1979-11-13 07:38:12', '1991-05-19 18:50:39', '1990-04-19 17:08:09', '2021-01-28 15:36:02');
INSERT INTO `friendship` (`user_id`, `friend_id`, `status_id`, `requested_at`, `confirmed_at`, `created_at`, `updated_at`) VALUES (30, 30, 30, '2008-03-03 09:21:52', '1978-12-08 01:01:36', '2013-05-13 06:41:30', '2011-05-25 02:32:07');
INSERT INTO `friendship` (`user_id`, `friend_id`, `status_id`, `requested_at`, `confirmed_at`, `created_at`, `updated_at`) VALUES (31, 31, 31, '2021-04-05 20:04:35', '2004-10-28 06:53:56', '1983-06-08 15:06:59', '1972-08-02 16:15:13');
INSERT INTO `friendship` (`user_id`, `friend_id`, `status_id`, `requested_at`, `confirmed_at`, `created_at`, `updated_at`) VALUES (32, 32, 32, '1976-10-05 11:06:34', '2007-10-08 22:20:24', '1983-07-08 12:26:03', '2017-12-15 23:54:50');
INSERT INTO `friendship` (`user_id`, `friend_id`, `status_id`, `requested_at`, `confirmed_at`, `created_at`, `updated_at`) VALUES (33, 33, 33, '1979-03-04 17:01:43', '2017-09-22 19:24:01', '2008-05-10 02:27:48', '1971-08-01 22:12:20');
INSERT INTO `friendship` (`user_id`, `friend_id`, `status_id`, `requested_at`, `confirmed_at`, `created_at`, `updated_at`) VALUES (34, 34, 34, '2006-06-23 18:06:37', '1989-06-01 03:20:38', '1980-08-23 19:39:38', '1998-04-01 03:42:22');
INSERT INTO `friendship` (`user_id`, `friend_id`, `status_id`, `requested_at`, `confirmed_at`, `created_at`, `updated_at`) VALUES (35, 35, 35, '1982-08-13 00:26:31', '2015-07-09 11:31:04', '1970-07-23 22:59:15', '2007-03-04 10:57:46');
INSERT INTO `friendship` (`user_id`, `friend_id`, `status_id`, `requested_at`, `confirmed_at`, `created_at`, `updated_at`) VALUES (36, 36, 36, '1989-06-10 07:30:00', '1999-03-31 20:44:13', '1986-05-25 11:06:47', '2013-02-01 23:06:19');
INSERT INTO `friendship` (`user_id`, `friend_id`, `status_id`, `requested_at`, `confirmed_at`, `created_at`, `updated_at`) VALUES (37, 37, 37, '1995-09-16 18:49:44', '2017-10-31 07:02:26', '2013-04-09 01:55:32', '1995-09-14 18:05:19');
INSERT INTO `friendship` (`user_id`, `friend_id`, `status_id`, `requested_at`, `confirmed_at`, `created_at`, `updated_at`) VALUES (38, 38, 38, '2013-03-16 23:07:33', '1974-03-28 16:26:55', '1980-02-01 04:14:19', '1985-10-23 19:37:12');
INSERT INTO `friendship` (`user_id`, `friend_id`, `status_id`, `requested_at`, `confirmed_at`, `created_at`, `updated_at`) VALUES (39, 39, 39, '2014-11-17 11:51:15', '2014-09-24 18:31:51', '1986-07-16 01:16:57', '2016-02-02 14:52:21');
INSERT INTO `friendship` (`user_id`, `friend_id`, `status_id`, `requested_at`, `confirmed_at`, `created_at`, `updated_at`) VALUES (40, 40, 40, '2016-06-23 20:27:18', '1980-12-16 19:11:46', '2001-08-18 07:58:29', '1989-12-05 21:13:53');
INSERT INTO `friendship` (`user_id`, `friend_id`, `status_id`, `requested_at`, `confirmed_at`, `created_at`, `updated_at`) VALUES (41, 41, 41, '2000-07-27 00:47:24', '1977-03-11 23:20:58', '1980-03-26 03:29:23', '2003-12-22 13:54:28');
INSERT INTO `friendship` (`user_id`, `friend_id`, `status_id`, `requested_at`, `confirmed_at`, `created_at`, `updated_at`) VALUES (42, 42, 42, '1988-05-11 18:25:47', '2003-02-10 11:49:34', '2015-12-22 01:07:13', '1995-10-04 08:13:29');
INSERT INTO `friendship` (`user_id`, `friend_id`, `status_id`, `requested_at`, `confirmed_at`, `created_at`, `updated_at`) VALUES (43, 43, 43, '1985-11-26 19:25:44', '2004-01-01 11:27:28', '1983-10-09 23:19:59', '1985-12-10 05:11:39');
INSERT INTO `friendship` (`user_id`, `friend_id`, `status_id`, `requested_at`, `confirmed_at`, `created_at`, `updated_at`) VALUES (44, 44, 44, '2018-09-23 02:10:32', '2008-11-28 23:49:41', '1971-06-15 21:44:34', '2007-09-27 08:47:15');
INSERT INTO `friendship` (`user_id`, `friend_id`, `status_id`, `requested_at`, `confirmed_at`, `created_at`, `updated_at`) VALUES (45, 45, 45, '2015-10-10 04:54:37', '2000-03-22 12:12:00', '2019-03-07 08:33:46', '1981-08-20 06:43:17');
INSERT INTO `friendship` (`user_id`, `friend_id`, `status_id`, `requested_at`, `confirmed_at`, `created_at`, `updated_at`) VALUES (46, 46, 46, '1979-09-08 21:40:47', '1996-09-30 19:35:18', '1979-05-16 13:41:11', '1988-03-20 20:43:28');
INSERT INTO `friendship` (`user_id`, `friend_id`, `status_id`, `requested_at`, `confirmed_at`, `created_at`, `updated_at`) VALUES (47, 47, 47, '1997-03-24 06:35:24', '2004-03-18 15:21:26', '1970-07-14 17:37:20', '2013-11-21 21:36:15');
INSERT INTO `friendship` (`user_id`, `friend_id`, `status_id`, `requested_at`, `confirmed_at`, `created_at`, `updated_at`) VALUES (48, 48, 48, '1982-05-29 09:41:15', '1981-02-03 21:17:53', '2008-01-14 17:55:43', '1981-07-29 17:04:25');
INSERT INTO `friendship` (`user_id`, `friend_id`, `status_id`, `requested_at`, `confirmed_at`, `created_at`, `updated_at`) VALUES (49, 49, 49, '1981-04-29 04:36:53', '1988-09-07 21:44:38', '1978-12-08 03:16:18', '1999-06-06 16:04:38');
INSERT INTO `friendship` (`user_id`, `friend_id`, `status_id`, `requested_at`, `confirmed_at`, `created_at`, `updated_at`) VALUES (50, 50, 50, '1975-12-27 22:21:08', '2017-10-10 18:58:02', '1979-10-03 06:53:51', '1983-07-25 11:27:12');
INSERT INTO `friendship` (`user_id`, `friend_id`, `status_id`, `requested_at`, `confirmed_at`, `created_at`, `updated_at`) VALUES (51, 51, 51, '1998-06-07 17:58:39', '1983-12-19 09:56:29', '1980-10-02 22:33:48', '1996-12-01 13:45:12');
INSERT INTO `friendship` (`user_id`, `friend_id`, `status_id`, `requested_at`, `confirmed_at`, `created_at`, `updated_at`) VALUES (52, 52, 52, '1991-07-14 07:50:30', '2012-07-07 01:31:02', '1974-02-24 07:46:48', '1991-08-05 10:19:08');
INSERT INTO `friendship` (`user_id`, `friend_id`, `status_id`, `requested_at`, `confirmed_at`, `created_at`, `updated_at`) VALUES (53, 53, 53, '1981-08-21 11:22:03', '1973-10-02 20:32:51', '1980-10-27 16:00:29', '1987-01-17 06:12:31');
INSERT INTO `friendship` (`user_id`, `friend_id`, `status_id`, `requested_at`, `confirmed_at`, `created_at`, `updated_at`) VALUES (54, 54, 54, '2011-04-16 04:26:00', '2006-12-19 23:04:01', '1996-09-09 01:34:22', '1973-08-10 11:00:44');
INSERT INTO `friendship` (`user_id`, `friend_id`, `status_id`, `requested_at`, `confirmed_at`, `created_at`, `updated_at`) VALUES (55, 55, 55, '1989-09-16 08:26:27', '2020-10-25 21:22:47', '1993-05-10 22:40:21', '1981-05-02 20:07:35');
INSERT INTO `friendship` (`user_id`, `friend_id`, `status_id`, `requested_at`, `confirmed_at`, `created_at`, `updated_at`) VALUES (56, 56, 56, '1992-07-07 11:37:51', '2017-05-03 08:34:03', '1978-03-30 22:57:00', '1992-06-02 04:20:14');
INSERT INTO `friendship` (`user_id`, `friend_id`, `status_id`, `requested_at`, `confirmed_at`, `created_at`, `updated_at`) VALUES (57, 57, 57, '2008-02-19 21:08:35', '2017-07-11 09:06:08', '1979-10-27 08:02:54', '1989-03-12 16:59:14');
INSERT INTO `friendship` (`user_id`, `friend_id`, `status_id`, `requested_at`, `confirmed_at`, `created_at`, `updated_at`) VALUES (58, 58, 58, '1997-11-07 17:28:38', '1998-08-22 01:30:08', '1990-10-09 22:46:26', '2008-09-30 00:53:49');
INSERT INTO `friendship` (`user_id`, `friend_id`, `status_id`, `requested_at`, `confirmed_at`, `created_at`, `updated_at`) VALUES (59, 59, 59, '2010-06-14 01:41:29', '2003-09-08 16:16:05', '1981-02-07 17:51:31', '1978-02-25 21:31:39');
INSERT INTO `friendship` (`user_id`, `friend_id`, `status_id`, `requested_at`, `confirmed_at`, `created_at`, `updated_at`) VALUES (60, 60, 60, '1973-11-11 09:09:42', '1975-04-16 02:14:55', '1987-02-10 04:53:22', '2005-09-05 16:50:13');
INSERT INTO `friendship` (`user_id`, `friend_id`, `status_id`, `requested_at`, `confirmed_at`, `created_at`, `updated_at`) VALUES (61, 61, 61, '2003-09-21 16:34:14', '1998-01-04 14:50:32', '2012-02-21 21:52:25', '2018-05-07 13:53:46');
INSERT INTO `friendship` (`user_id`, `friend_id`, `status_id`, `requested_at`, `confirmed_at`, `created_at`, `updated_at`) VALUES (62, 62, 62, '2005-01-14 03:49:26', '2008-10-31 23:54:17', '1973-06-02 13:03:31', '1991-09-29 22:52:05');
INSERT INTO `friendship` (`user_id`, `friend_id`, `status_id`, `requested_at`, `confirmed_at`, `created_at`, `updated_at`) VALUES (63, 63, 63, '2003-02-11 11:32:27', '1989-08-31 13:28:40', '2017-12-06 04:10:11', '2005-06-12 13:59:13');
INSERT INTO `friendship` (`user_id`, `friend_id`, `status_id`, `requested_at`, `confirmed_at`, `created_at`, `updated_at`) VALUES (64, 64, 64, '2014-03-06 21:45:04', '2004-10-29 22:40:31', '2019-03-20 08:09:59', '2016-12-18 19:49:24');
INSERT INTO `friendship` (`user_id`, `friend_id`, `status_id`, `requested_at`, `confirmed_at`, `created_at`, `updated_at`) VALUES (65, 65, 65, '2000-01-15 17:28:53', '1979-01-26 15:02:54', '1996-08-10 01:21:40', '1972-03-22 23:42:39');
INSERT INTO `friendship` (`user_id`, `friend_id`, `status_id`, `requested_at`, `confirmed_at`, `created_at`, `updated_at`) VALUES (66, 66, 66, '2008-12-09 03:39:53', '1970-11-19 08:20:16', '1995-12-01 16:18:34', '2019-09-26 23:42:19');
INSERT INTO `friendship` (`user_id`, `friend_id`, `status_id`, `requested_at`, `confirmed_at`, `created_at`, `updated_at`) VALUES (67, 67, 67, '1983-10-19 20:10:47', '2006-06-19 11:01:48', '2018-06-27 22:12:08', '1990-03-06 12:52:50');
INSERT INTO `friendship` (`user_id`, `friend_id`, `status_id`, `requested_at`, `confirmed_at`, `created_at`, `updated_at`) VALUES (68, 68, 68, '1970-02-18 22:48:22', '2008-05-08 09:06:55', '2018-12-28 06:53:07', '2002-08-07 21:50:49');
INSERT INTO `friendship` (`user_id`, `friend_id`, `status_id`, `requested_at`, `confirmed_at`, `created_at`, `updated_at`) VALUES (69, 69, 69, '1993-03-25 09:59:49', '2011-06-25 04:15:50', '1995-02-22 08:33:08', '1979-03-06 01:40:25');
INSERT INTO `friendship` (`user_id`, `friend_id`, `status_id`, `requested_at`, `confirmed_at`, `created_at`, `updated_at`) VALUES (70, 70, 70, '2021-05-17 09:46:08', '1998-11-10 05:38:55', '1973-12-23 02:43:20', '1987-09-26 16:10:42');
INSERT INTO `friendship` (`user_id`, `friend_id`, `status_id`, `requested_at`, `confirmed_at`, `created_at`, `updated_at`) VALUES (71, 71, 71, '1980-09-15 20:12:22', '1991-10-06 14:53:20', '1974-09-20 07:05:55', '2001-10-19 18:44:51');
INSERT INTO `friendship` (`user_id`, `friend_id`, `status_id`, `requested_at`, `confirmed_at`, `created_at`, `updated_at`) VALUES (72, 72, 72, '1979-05-13 14:09:38', '2007-04-08 13:26:20', '1991-07-04 01:42:40', '1979-09-10 17:20:58');
INSERT INTO `friendship` (`user_id`, `friend_id`, `status_id`, `requested_at`, `confirmed_at`, `created_at`, `updated_at`) VALUES (73, 73, 73, '1974-03-01 02:42:55', '1984-04-09 09:26:34', '1982-10-04 16:45:18', '1983-08-16 07:01:15');
INSERT INTO `friendship` (`user_id`, `friend_id`, `status_id`, `requested_at`, `confirmed_at`, `created_at`, `updated_at`) VALUES (74, 74, 74, '1976-03-27 05:02:26', '1989-11-12 18:35:29', '2018-05-05 06:03:52', '2017-03-02 12:42:07');
INSERT INTO `friendship` (`user_id`, `friend_id`, `status_id`, `requested_at`, `confirmed_at`, `created_at`, `updated_at`) VALUES (75, 75, 75, '1972-11-22 17:20:21', '1992-12-16 07:52:51', '1978-05-09 19:23:39', '2011-01-29 13:32:24');
INSERT INTO `friendship` (`user_id`, `friend_id`, `status_id`, `requested_at`, `confirmed_at`, `created_at`, `updated_at`) VALUES (76, 76, 76, '1985-01-11 22:43:39', '2015-01-06 21:21:01', '1976-07-03 11:36:35', '1979-04-18 14:13:02');
INSERT INTO `friendship` (`user_id`, `friend_id`, `status_id`, `requested_at`, `confirmed_at`, `created_at`, `updated_at`) VALUES (77, 77, 77, '1981-10-31 20:56:56', '2019-07-01 23:10:18', '1972-04-21 20:55:08', '2011-04-03 12:37:15');
INSERT INTO `friendship` (`user_id`, `friend_id`, `status_id`, `requested_at`, `confirmed_at`, `created_at`, `updated_at`) VALUES (78, 78, 78, '2006-06-04 03:54:30', '2019-10-08 02:43:53', '1971-08-20 16:10:33', '2003-04-11 23:24:28');
INSERT INTO `friendship` (`user_id`, `friend_id`, `status_id`, `requested_at`, `confirmed_at`, `created_at`, `updated_at`) VALUES (79, 79, 79, '2004-03-31 19:42:40', '2019-02-14 18:01:13', '1972-09-11 21:02:49', '2010-08-18 09:52:15');
INSERT INTO `friendship` (`user_id`, `friend_id`, `status_id`, `requested_at`, `confirmed_at`, `created_at`, `updated_at`) VALUES (80, 80, 80, '1976-04-01 13:17:04', '1999-03-23 13:01:18', '2016-10-24 02:11:01', '2007-03-24 02:48:31');
INSERT INTO `friendship` (`user_id`, `friend_id`, `status_id`, `requested_at`, `confirmed_at`, `created_at`, `updated_at`) VALUES (81, 81, 81, '1987-10-12 07:59:03', '1999-08-28 14:39:10', '2002-10-27 01:22:00', '2010-05-18 22:56:23');
INSERT INTO `friendship` (`user_id`, `friend_id`, `status_id`, `requested_at`, `confirmed_at`, `created_at`, `updated_at`) VALUES (82, 82, 82, '2013-05-09 18:52:25', '1977-01-31 03:30:47', '1993-08-18 07:22:17', '1993-09-03 01:30:42');
INSERT INTO `friendship` (`user_id`, `friend_id`, `status_id`, `requested_at`, `confirmed_at`, `created_at`, `updated_at`) VALUES (83, 83, 83, '1971-08-25 02:11:34', '1988-10-10 08:57:19', '1999-04-24 07:21:24', '2007-05-09 17:13:19');
INSERT INTO `friendship` (`user_id`, `friend_id`, `status_id`, `requested_at`, `confirmed_at`, `created_at`, `updated_at`) VALUES (84, 84, 84, '2016-09-27 21:03:53', '1990-04-04 18:17:29', '2001-03-10 18:56:48', '1991-06-24 11:57:34');
INSERT INTO `friendship` (`user_id`, `friend_id`, `status_id`, `requested_at`, `confirmed_at`, `created_at`, `updated_at`) VALUES (85, 85, 85, '2014-04-20 00:18:10', '2013-05-13 05:55:52', '2019-05-22 03:52:27', '1989-05-26 15:58:16');
INSERT INTO `friendship` (`user_id`, `friend_id`, `status_id`, `requested_at`, `confirmed_at`, `created_at`, `updated_at`) VALUES (86, 86, 86, '1984-03-03 05:07:27', '1991-11-09 03:56:07', '1998-10-16 01:43:15', '2006-01-31 07:41:10');
INSERT INTO `friendship` (`user_id`, `friend_id`, `status_id`, `requested_at`, `confirmed_at`, `created_at`, `updated_at`) VALUES (87, 87, 87, '1973-09-02 14:19:51', '1978-08-01 02:59:41', '1980-03-13 07:27:59', '2009-02-12 12:55:35');
INSERT INTO `friendship` (`user_id`, `friend_id`, `status_id`, `requested_at`, `confirmed_at`, `created_at`, `updated_at`) VALUES (88, 88, 88, '1970-06-15 15:56:00', '2002-10-26 01:40:53', '1982-07-03 05:22:31', '2007-02-21 05:39:56');
INSERT INTO `friendship` (`user_id`, `friend_id`, `status_id`, `requested_at`, `confirmed_at`, `created_at`, `updated_at`) VALUES (89, 89, 89, '1981-09-23 19:46:23', '2017-09-02 06:47:42', '2011-07-28 00:34:21', '2016-12-29 02:45:01');
INSERT INTO `friendship` (`user_id`, `friend_id`, `status_id`, `requested_at`, `confirmed_at`, `created_at`, `updated_at`) VALUES (90, 90, 90, '2012-03-14 19:27:19', '1971-03-27 18:45:35', '2002-09-15 04:12:51', '1994-01-15 11:17:21');
INSERT INTO `friendship` (`user_id`, `friend_id`, `status_id`, `requested_at`, `confirmed_at`, `created_at`, `updated_at`) VALUES (91, 91, 91, '1993-02-05 10:41:59', '2000-02-23 20:52:19', '2001-08-02 02:50:51', '1992-02-13 19:42:29');
INSERT INTO `friendship` (`user_id`, `friend_id`, `status_id`, `requested_at`, `confirmed_at`, `created_at`, `updated_at`) VALUES (92, 92, 92, '1973-09-30 01:41:08', '2012-04-08 07:01:41', '2008-01-13 06:25:18', '1987-11-07 16:35:08');
INSERT INTO `friendship` (`user_id`, `friend_id`, `status_id`, `requested_at`, `confirmed_at`, `created_at`, `updated_at`) VALUES (93, 93, 93, '2012-10-13 08:18:39', '2009-07-26 01:37:56', '2014-10-13 16:01:55', '2010-06-18 06:56:43');
INSERT INTO `friendship` (`user_id`, `friend_id`, `status_id`, `requested_at`, `confirmed_at`, `created_at`, `updated_at`) VALUES (94, 94, 94, '1983-07-11 03:13:33', '1985-03-26 01:39:43', '2006-03-29 19:46:10', '2015-11-23 22:09:30');
INSERT INTO `friendship` (`user_id`, `friend_id`, `status_id`, `requested_at`, `confirmed_at`, `created_at`, `updated_at`) VALUES (95, 95, 95, '2021-02-25 01:54:16', '1981-03-23 18:43:18', '2000-08-17 18:32:25', '1997-06-13 07:44:04');
INSERT INTO `friendship` (`user_id`, `friend_id`, `status_id`, `requested_at`, `confirmed_at`, `created_at`, `updated_at`) VALUES (96, 96, 96, '2000-03-24 20:34:37', '2016-03-16 16:50:08', '2019-05-21 20:38:11', '1979-12-07 10:35:52');
INSERT INTO `friendship` (`user_id`, `friend_id`, `status_id`, `requested_at`, `confirmed_at`, `created_at`, `updated_at`) VALUES (97, 97, 97, '1975-04-08 22:49:06', '1980-02-04 12:53:14', '1990-02-17 13:53:12', '2012-08-11 21:05:49');
INSERT INTO `friendship` (`user_id`, `friend_id`, `status_id`, `requested_at`, `confirmed_at`, `created_at`, `updated_at`) VALUES (98, 98, 98, '2008-02-17 00:59:51', '1975-11-29 10:43:30', '1998-08-10 22:11:25', '2011-02-15 09:37:51');
INSERT INTO `friendship` (`user_id`, `friend_id`, `status_id`, `requested_at`, `confirmed_at`, `created_at`, `updated_at`) VALUES (99, 99, 99, '1970-02-07 14:03:23', '1979-10-19 01:05:42', '1987-10-17 14:09:51', '1993-05-13 02:06:47');
INSERT INTO `friendship` (`user_id`, `friend_id`, `status_id`, `requested_at`, `confirmed_at`, `created_at`, `updated_at`) VALUES (100, 100, 100, '1992-04-11 11:09:05', '1988-07-30 04:02:46', '1982-10-07 01:42:28', '2002-09-17 04:12:02');


#
# TABLE STRUCTURE FOR: friendship_statuses
#

DROP TABLE IF EXISTS `friendship_statuses`;

CREATE TABLE `friendship_statuses` (
  `id` int(10) unsigned NOT NULL AUTO_INCREMENT,
  `name` varchar(150) COLLATE utf8mb4_unicode_ci NOT NULL,
  `created_at` datetime DEFAULT current_timestamp(),
  `updated_at` datetime DEFAULT current_timestamp() ON UPDATE current_timestamp(),
  PRIMARY KEY (`id`),
  UNIQUE KEY `name` (`name`)
) ENGINE=InnoDB AUTO_INCREMENT=101 DEFAULT CHARSET=utf8mb4 COLLATE=utf8mb4_unicode_ci;

INSERT INTO `friendship_statuses` (`id`, `name`, `created_at`, `updated_at`) VALUES (1, 'odit', '1988-10-21 03:37:18', '2019-12-07 12:19:02');
INSERT INTO `friendship_statuses` (`id`, `name`, `created_at`, `updated_at`) VALUES (2, 'impedit', '1990-01-24 00:36:00', '1987-07-10 10:59:39');
INSERT INTO `friendship_statuses` (`id`, `name`, `created_at`, `updated_at`) VALUES (3, 'nemo', '2010-03-24 23:49:24', '1993-10-23 16:21:41');
INSERT INTO `friendship_statuses` (`id`, `name`, `created_at`, `updated_at`) VALUES (4, 'id', '1986-12-20 14:13:57', '2021-03-18 23:27:45');
INSERT INTO `friendship_statuses` (`id`, `name`, `created_at`, `updated_at`) VALUES (5, 'odio', '1997-01-09 10:46:01', '1996-02-12 03:06:57');
INSERT INTO `friendship_statuses` (`id`, `name`, `created_at`, `updated_at`) VALUES (6, 'ex', '1987-05-27 21:36:47', '1979-05-06 23:58:41');
INSERT INTO `friendship_statuses` (`id`, `name`, `created_at`, `updated_at`) VALUES (7, 'ducimus', '2014-04-09 21:01:06', '1972-12-30 02:01:35');
INSERT INTO `friendship_statuses` (`id`, `name`, `created_at`, `updated_at`) VALUES (8, 'neque', '1979-07-14 17:25:59', '1978-04-03 09:23:37');
INSERT INTO `friendship_statuses` (`id`, `name`, `created_at`, `updated_at`) VALUES (9, 'aperiam', '1976-09-24 10:56:18', '1972-04-21 11:04:04');
INSERT INTO `friendship_statuses` (`id`, `name`, `created_at`, `updated_at`) VALUES (10, 'perferendis', '2007-10-01 04:47:07', '1987-07-23 01:42:04');
INSERT INTO `friendship_statuses` (`id`, `name`, `created_at`, `updated_at`) VALUES (11, 'est', '2017-07-09 15:34:09', '1984-11-28 01:35:25');
INSERT INTO `friendship_statuses` (`id`, `name`, `created_at`, `updated_at`) VALUES (12, 'nulla', '1979-07-09 06:36:28', '2003-03-05 12:43:08');
INSERT INTO `friendship_statuses` (`id`, `name`, `created_at`, `updated_at`) VALUES (13, 'nihil', '1971-07-31 08:41:54', '1972-10-29 10:28:34');
INSERT INTO `friendship_statuses` (`id`, `name`, `created_at`, `updated_at`) VALUES (14, 'et', '1980-12-04 22:13:06', '1970-01-08 03:18:54');
INSERT INTO `friendship_statuses` (`id`, `name`, `created_at`, `updated_at`) VALUES (15, 'omnis', '2004-08-21 06:14:10', '2011-01-27 12:24:54');
INSERT INTO `friendship_statuses` (`id`, `name`, `created_at`, `updated_at`) VALUES (16, 'eos', '1998-09-18 11:23:45', '2021-02-13 07:13:29');
INSERT INTO `friendship_statuses` (`id`, `name`, `created_at`, `updated_at`) VALUES (17, 'tempora', '2012-06-24 01:12:05', '1986-12-25 13:53:20');
INSERT INTO `friendship_statuses` (`id`, `name`, `created_at`, `updated_at`) VALUES (18, 'quia', '1970-07-21 23:18:19', '2014-06-03 03:51:38');
INSERT INTO `friendship_statuses` (`id`, `name`, `created_at`, `updated_at`) VALUES (19, 'ut', '1995-08-31 11:14:03', '1994-01-10 14:51:02');
INSERT INTO `friendship_statuses` (`id`, `name`, `created_at`, `updated_at`) VALUES (20, 'rerum', '1979-04-26 23:24:19', '1970-07-28 19:14:30');
INSERT INTO `friendship_statuses` (`id`, `name`, `created_at`, `updated_at`) VALUES (21, 'expedita', '1983-02-20 14:53:21', '1990-04-25 10:00:52');
INSERT INTO `friendship_statuses` (`id`, `name`, `created_at`, `updated_at`) VALUES (22, 'deleniti', '2009-02-11 18:35:49', '2003-01-16 03:29:46');
INSERT INTO `friendship_statuses` (`id`, `name`, `created_at`, `updated_at`) VALUES (23, 'ipsa', '1985-12-07 00:39:36', '1971-04-04 20:27:42');
INSERT INTO `friendship_statuses` (`id`, `name`, `created_at`, `updated_at`) VALUES (24, 'sed', '2009-04-06 21:17:38', '2005-07-15 09:15:39');
INSERT INTO `friendship_statuses` (`id`, `name`, `created_at`, `updated_at`) VALUES (25, 'voluptatibus', '2005-08-09 19:07:33', '2013-09-20 18:52:41');
INSERT INTO `friendship_statuses` (`id`, `name`, `created_at`, `updated_at`) VALUES (26, 'doloremque', '1983-06-10 22:28:26', '2009-01-03 10:51:55');
INSERT INTO `friendship_statuses` (`id`, `name`, `created_at`, `updated_at`) VALUES (27, 'aut', '1999-08-07 02:39:32', '2014-03-25 17:52:28');
INSERT INTO `friendship_statuses` (`id`, `name`, `created_at`, `updated_at`) VALUES (28, 'magnam', '1971-01-31 11:24:59', '1990-08-10 22:57:56');
INSERT INTO `friendship_statuses` (`id`, `name`, `created_at`, `updated_at`) VALUES (29, 'fuga', '2021-06-10 12:44:42', '2021-01-20 07:41:43');
INSERT INTO `friendship_statuses` (`id`, `name`, `created_at`, `updated_at`) VALUES (30, 'corporis', '1985-03-24 07:19:09', '1975-09-27 09:17:54');
INSERT INTO `friendship_statuses` (`id`, `name`, `created_at`, `updated_at`) VALUES (31, 'autem', '2017-03-24 20:19:52', '2009-05-08 09:02:58');
INSERT INTO `friendship_statuses` (`id`, `name`, `created_at`, `updated_at`) VALUES (32, 'accusantium', '2008-08-21 21:09:17', '1990-06-03 21:39:59');
INSERT INTO `friendship_statuses` (`id`, `name`, `created_at`, `updated_at`) VALUES (33, 'quas', '1998-02-03 08:19:43', '1984-05-23 20:27:18');
INSERT INTO `friendship_statuses` (`id`, `name`, `created_at`, `updated_at`) VALUES (34, 'laboriosam', '1976-06-27 05:07:45', '1994-08-06 11:33:51');
INSERT INTO `friendship_statuses` (`id`, `name`, `created_at`, `updated_at`) VALUES (35, 'esse', '1985-08-03 04:43:57', '1975-11-10 07:22:16');
INSERT INTO `friendship_statuses` (`id`, `name`, `created_at`, `updated_at`) VALUES (36, 'sunt', '1970-09-27 09:12:17', '1980-01-09 16:44:17');
INSERT INTO `friendship_statuses` (`id`, `name`, `created_at`, `updated_at`) VALUES (37, 'dolor', '1979-04-30 20:49:13', '2017-05-13 23:27:11');
INSERT INTO `friendship_statuses` (`id`, `name`, `created_at`, `updated_at`) VALUES (38, 'ipsum', '2004-10-13 21:04:03', '2007-07-24 13:36:21');
INSERT INTO `friendship_statuses` (`id`, `name`, `created_at`, `updated_at`) VALUES (39, 'fugit', '2004-10-29 16:27:50', '2020-07-20 19:14:14');
INSERT INTO `friendship_statuses` (`id`, `name`, `created_at`, `updated_at`) VALUES (40, 'inventore', '1986-03-25 10:06:14', '1994-11-25 07:45:11');
INSERT INTO `friendship_statuses` (`id`, `name`, `created_at`, `updated_at`) VALUES (41, 'vitae', '1975-10-13 09:55:04', '1973-08-20 04:36:19');
INSERT INTO `friendship_statuses` (`id`, `name`, `created_at`, `updated_at`) VALUES (42, 'quis', '1973-08-23 09:24:08', '1975-01-13 04:16:10');
INSERT INTO `friendship_statuses` (`id`, `name`, `created_at`, `updated_at`) VALUES (43, 'officia', '1970-11-05 02:00:51', '1996-04-17 05:29:22');
INSERT INTO `friendship_statuses` (`id`, `name`, `created_at`, `updated_at`) VALUES (44, 'qui', '2003-06-02 21:50:51', '2016-10-09 15:38:58');
INSERT INTO `friendship_statuses` (`id`, `name`, `created_at`, `updated_at`) VALUES (45, 'quasi', '2001-10-16 07:18:28', '1999-03-04 20:30:20');
INSERT INTO `friendship_statuses` (`id`, `name`, `created_at`, `updated_at`) VALUES (46, 'atque', '1973-06-26 21:41:16', '1979-09-15 04:21:03');
INSERT INTO `friendship_statuses` (`id`, `name`, `created_at`, `updated_at`) VALUES (47, 'maiores', '1980-03-22 16:36:55', '1980-12-13 13:43:50');
INSERT INTO `friendship_statuses` (`id`, `name`, `created_at`, `updated_at`) VALUES (48, 'voluptate', '2015-09-17 16:07:20', '2007-12-23 01:54:46');
INSERT INTO `friendship_statuses` (`id`, `name`, `created_at`, `updated_at`) VALUES (49, 'cumque', '2009-02-23 23:58:01', '1994-03-11 21:54:37');
INSERT INTO `friendship_statuses` (`id`, `name`, `created_at`, `updated_at`) VALUES (50, 'pariatur', '1970-07-27 14:44:13', '2011-04-13 13:22:05');
INSERT INTO `friendship_statuses` (`id`, `name`, `created_at`, `updated_at`) VALUES (51, 'eligendi', '2013-10-18 14:44:57', '2000-11-16 07:08:29');
INSERT INTO `friendship_statuses` (`id`, `name`, `created_at`, `updated_at`) VALUES (52, 'consequatur', '2017-12-01 14:46:28', '1998-07-10 18:05:05');
INSERT INTO `friendship_statuses` (`id`, `name`, `created_at`, `updated_at`) VALUES (53, 'explicabo', '1982-03-17 17:00:54', '1976-05-04 12:15:30');
INSERT INTO `friendship_statuses` (`id`, `name`, `created_at`, `updated_at`) VALUES (54, 'sint', '2013-05-21 13:45:24', '2015-07-16 06:13:58');
INSERT INTO `friendship_statuses` (`id`, `name`, `created_at`, `updated_at`) VALUES (55, 'voluptas', '1981-06-26 15:26:20', '2001-02-26 20:13:39');
INSERT INTO `friendship_statuses` (`id`, `name`, `created_at`, `updated_at`) VALUES (56, 'doloribus', '1970-06-23 19:53:52', '2008-02-22 05:18:14');
INSERT INTO `friendship_statuses` (`id`, `name`, `created_at`, `updated_at`) VALUES (57, 'veritatis', '2001-02-15 00:56:34', '1973-04-08 15:08:54');
INSERT INTO `friendship_statuses` (`id`, `name`, `created_at`, `updated_at`) VALUES (58, 'accusamus', '1971-07-18 15:29:42', '1974-05-16 17:41:16');
INSERT INTO `friendship_statuses` (`id`, `name`, `created_at`, `updated_at`) VALUES (59, 'praesentium', '2013-05-06 21:12:13', '1971-11-22 04:07:42');
INSERT INTO `friendship_statuses` (`id`, `name`, `created_at`, `updated_at`) VALUES (60, 'tenetur', '2003-02-26 05:54:07', '2006-12-12 23:52:14');
INSERT INTO `friendship_statuses` (`id`, `name`, `created_at`, `updated_at`) VALUES (61, 'consequuntur', '2005-03-09 20:16:03', '2019-05-20 04:30:51');
INSERT INTO `friendship_statuses` (`id`, `name`, `created_at`, `updated_at`) VALUES (62, 'dolores', '1992-09-13 17:46:23', '2019-11-20 05:08:44');
INSERT INTO `friendship_statuses` (`id`, `name`, `created_at`, `updated_at`) VALUES (63, 'voluptatem', '1994-07-09 13:32:49', '1990-12-03 02:22:45');
INSERT INTO `friendship_statuses` (`id`, `name`, `created_at`, `updated_at`) VALUES (64, 'ad', '1977-03-23 00:50:52', '1990-08-04 05:14:03');
INSERT INTO `friendship_statuses` (`id`, `name`, `created_at`, `updated_at`) VALUES (65, 'unde', '2018-01-17 23:02:02', '1973-09-09 03:10:08');
INSERT INTO `friendship_statuses` (`id`, `name`, `created_at`, `updated_at`) VALUES (66, 'tempore', '1977-08-02 20:18:16', '2012-12-07 04:39:38');
INSERT INTO `friendship_statuses` (`id`, `name`, `created_at`, `updated_at`) VALUES (67, 'occaecati', '1987-04-08 07:18:47', '2005-03-20 01:45:30');
INSERT INTO `friendship_statuses` (`id`, `name`, `created_at`, `updated_at`) VALUES (68, 'deserunt', '2005-03-24 07:26:35', '2019-05-29 06:15:09');
INSERT INTO `friendship_statuses` (`id`, `name`, `created_at`, `updated_at`) VALUES (69, 'molestias', '1972-11-08 09:48:14', '1998-06-24 00:46:00');
INSERT INTO `friendship_statuses` (`id`, `name`, `created_at`, `updated_at`) VALUES (70, 'quam', '1996-05-26 14:24:00', '2020-12-05 05:05:42');
INSERT INTO `friendship_statuses` (`id`, `name`, `created_at`, `updated_at`) VALUES (71, 'illo', '2019-10-25 07:12:26', '1993-02-19 21:05:54');
INSERT INTO `friendship_statuses` (`id`, `name`, `created_at`, `updated_at`) VALUES (72, 'ullam', '1970-02-25 07:38:45', '1994-06-06 13:31:46');
INSERT INTO `friendship_statuses` (`id`, `name`, `created_at`, `updated_at`) VALUES (73, 'laborum', '2004-01-18 09:17:49', '2011-02-14 20:09:37');
INSERT INTO `friendship_statuses` (`id`, `name`, `created_at`, `updated_at`) VALUES (74, 'molestiae', '1978-09-24 17:39:17', '1974-10-24 01:06:41');
INSERT INTO `friendship_statuses` (`id`, `name`, `created_at`, `updated_at`) VALUES (75, 'sit', '1980-05-09 23:54:03', '1984-04-16 22:46:12');
INSERT INTO `friendship_statuses` (`id`, `name`, `created_at`, `updated_at`) VALUES (76, 'eveniet', '2015-09-04 02:17:02', '1998-08-08 16:17:22');
INSERT INTO `friendship_statuses` (`id`, `name`, `created_at`, `updated_at`) VALUES (77, 'quidem', '1980-05-28 17:47:30', '2006-09-01 22:20:04');
INSERT INTO `friendship_statuses` (`id`, `name`, `created_at`, `updated_at`) VALUES (78, 'non', '1974-05-29 03:24:52', '1990-05-22 04:47:27');
INSERT INTO `friendship_statuses` (`id`, `name`, `created_at`, `updated_at`) VALUES (79, 'totam', '1997-03-10 11:30:24', '2001-04-08 05:26:16');
INSERT INTO `friendship_statuses` (`id`, `name`, `created_at`, `updated_at`) VALUES (80, 'alias', '2008-02-13 15:28:25', '1982-10-07 12:29:29');
INSERT INTO `friendship_statuses` (`id`, `name`, `created_at`, `updated_at`) VALUES (81, 'iste', '2003-07-08 06:53:24', '1989-08-11 15:25:04');
INSERT INTO `friendship_statuses` (`id`, `name`, `created_at`, `updated_at`) VALUES (82, 'cupiditate', '1976-12-30 19:40:36', '2002-09-27 18:48:42');
INSERT INTO `friendship_statuses` (`id`, `name`, `created_at`, `updated_at`) VALUES (83, 'laudantium', '1978-06-07 04:12:07', '2004-01-21 01:29:12');
INSERT INTO `friendship_statuses` (`id`, `name`, `created_at`, `updated_at`) VALUES (84, 'amet', '2014-09-22 12:58:56', '1971-11-11 06:58:52');
INSERT INTO `friendship_statuses` (`id`, `name`, `created_at`, `updated_at`) VALUES (85, 'saepe', '2007-07-10 13:49:26', '2010-07-09 15:37:15');
INSERT INTO `friendship_statuses` (`id`, `name`, `created_at`, `updated_at`) VALUES (86, 'temporibus', '2017-06-17 03:10:15', '1990-08-08 15:18:57');
INSERT INTO `friendship_statuses` (`id`, `name`, `created_at`, `updated_at`) VALUES (87, 'mollitia', '2001-10-27 21:23:47', '2015-01-14 20:21:27');
INSERT INTO `friendship_statuses` (`id`, `name`, `created_at`, `updated_at`) VALUES (88, 'quos', '2020-01-10 21:38:46', '1970-08-21 09:56:00');
INSERT INTO `friendship_statuses` (`id`, `name`, `created_at`, `updated_at`) VALUES (89, 'modi', '1977-01-03 11:07:18', '1998-09-20 00:08:11');
INSERT INTO `friendship_statuses` (`id`, `name`, `created_at`, `updated_at`) VALUES (90, 'velit', '1984-10-21 00:12:31', '1989-02-24 09:27:29');
INSERT INTO `friendship_statuses` (`id`, `name`, `created_at`, `updated_at`) VALUES (91, 'voluptates', '2007-10-23 23:50:46', '2018-07-22 18:01:15');
INSERT INTO `friendship_statuses` (`id`, `name`, `created_at`, `updated_at`) VALUES (92, 'distinctio', '1986-09-07 16:43:49', '1980-07-18 05:19:12');
INSERT INTO `friendship_statuses` (`id`, `name`, `created_at`, `updated_at`) VALUES (93, 'similique', '1986-03-11 21:42:08', '1977-07-19 11:01:19');
INSERT INTO `friendship_statuses` (`id`, `name`, `created_at`, `updated_at`) VALUES (94, 'vel', '2005-05-26 03:20:01', '2016-08-10 21:12:57');
INSERT INTO `friendship_statuses` (`id`, `name`, `created_at`, `updated_at`) VALUES (95, 'eaque', '2001-01-16 09:34:33', '2018-01-31 04:48:02');
INSERT INTO `friendship_statuses` (`id`, `name`, `created_at`, `updated_at`) VALUES (96, 'provident', '1981-11-03 08:00:07', '2002-07-09 08:27:19');
INSERT INTO `friendship_statuses` (`id`, `name`, `created_at`, `updated_at`) VALUES (97, 'blanditiis', '1991-11-11 08:36:40', '2000-08-13 19:49:18');
INSERT INTO `friendship_statuses` (`id`, `name`, `created_at`, `updated_at`) VALUES (98, 'assumenda', '1974-12-22 18:43:14', '2012-10-26 03:31:44');
INSERT INTO `friendship_statuses` (`id`, `name`, `created_at`, `updated_at`) VALUES (99, 'aliquam', '2017-05-07 15:39:21', '2002-06-17 11:40:30');
INSERT INTO `friendship_statuses` (`id`, `name`, `created_at`, `updated_at`) VALUES (100, 'beatae', '1998-02-08 09:14:25', '2011-05-24 01:54:45');


#
# TABLE STRUCTURE FOR: likee
#

DROP TABLE IF EXISTS `likee`;

CREATE TABLE `likee` (
  `id` int(10) unsigned NOT NULL AUTO_INCREMENT,
  `user_out_id` int(10) unsigned NOT NULL,
  `user_in_id` int(10) unsigned DEFAULT NULL,
  `media_id` int(10) unsigned DEFAULT NULL,
  `messages_id` int(10) unsigned DEFAULT NULL,
  `likee_type_id` int(10) unsigned NOT NULL,
  `created_at` datetime DEFAULT current_timestamp(),
  `updated_at` datetime DEFAULT current_timestamp() ON UPDATE current_timestamp(),
  PRIMARY KEY (`id`)
) ENGINE=InnoDB AUTO_INCREMENT=101 DEFAULT CHARSET=utf8mb4 COLLATE=utf8mb4_unicode_ci;

INSERT INTO `likee` (`id`, `user_out_id`, `user_in_id`, `media_id`, `messages_id`, `likee_type_id`, `created_at`, `updated_at`) VALUES (1, 1, 1, 101, 1, 1, '2001-07-27 23:00:06', '1995-04-23 07:27:12');
INSERT INTO `likee` (`id`, `user_out_id`, `user_in_id`, `media_id`, `messages_id`, `likee_type_id`, `created_at`, `updated_at`) VALUES (2, 2, 2, 102, 2, 2, '1986-11-21 12:02:16', '1981-08-18 03:33:55');
INSERT INTO `likee` (`id`, `user_out_id`, `user_in_id`, `media_id`, `messages_id`, `likee_type_id`, `created_at`, `updated_at`) VALUES (3, 3, 3, 103, 3, 3, '1991-01-10 12:06:24', '2004-10-12 17:58:49');
INSERT INTO `likee` (`id`, `user_out_id`, `user_in_id`, `media_id`, `messages_id`, `likee_type_id`, `created_at`, `updated_at`) VALUES (4, 4, 4, 104, 4, 4, '1971-02-19 08:02:16', '1980-04-08 16:51:55');
INSERT INTO `likee` (`id`, `user_out_id`, `user_in_id`, `media_id`, `messages_id`, `likee_type_id`, `created_at`, `updated_at`) VALUES (5, 5, 5, 105, 5, 5, '2019-07-26 11:16:54', '1989-06-02 06:05:25');
INSERT INTO `likee` (`id`, `user_out_id`, `user_in_id`, `media_id`, `messages_id`, `likee_type_id`, `created_at`, `updated_at`) VALUES (6, 6, 6, 106, 6, 6, '1976-01-25 02:23:40', '1979-09-05 17:06:02');
INSERT INTO `likee` (`id`, `user_out_id`, `user_in_id`, `media_id`, `messages_id`, `likee_type_id`, `created_at`, `updated_at`) VALUES (7, 7, 7, 107, 7, 7, '2012-01-16 11:35:55', '2014-12-04 16:32:51');
INSERT INTO `likee` (`id`, `user_out_id`, `user_in_id`, `media_id`, `messages_id`, `likee_type_id`, `created_at`, `updated_at`) VALUES (8, 8, 8, 108, 8, 8, '1981-02-20 08:00:16', '1979-07-20 16:02:50');
INSERT INTO `likee` (`id`, `user_out_id`, `user_in_id`, `media_id`, `messages_id`, `likee_type_id`, `created_at`, `updated_at`) VALUES (9, 9, 9, 109, 9, 9, '1984-01-13 05:06:16', '1970-04-25 06:43:15');
INSERT INTO `likee` (`id`, `user_out_id`, `user_in_id`, `media_id`, `messages_id`, `likee_type_id`, `created_at`, `updated_at`) VALUES (10, 10, 10, 110, 10, 10, '1973-06-04 00:22:01', '1985-02-28 18:11:01');
INSERT INTO `likee` (`id`, `user_out_id`, `user_in_id`, `media_id`, `messages_id`, `likee_type_id`, `created_at`, `updated_at`) VALUES (11, 11, 11, 111, 11, 11, '1976-03-21 18:22:33', '1986-06-16 21:59:59');
INSERT INTO `likee` (`id`, `user_out_id`, `user_in_id`, `media_id`, `messages_id`, `likee_type_id`, `created_at`, `updated_at`) VALUES (12, 12, 12, 112, 12, 12, '1999-01-09 19:54:00', '2009-09-15 09:50:12');
INSERT INTO `likee` (`id`, `user_out_id`, `user_in_id`, `media_id`, `messages_id`, `likee_type_id`, `created_at`, `updated_at`) VALUES (13, 13, 13, 113, 13, 13, '1995-08-05 21:08:02', '1975-05-07 06:47:22');
INSERT INTO `likee` (`id`, `user_out_id`, `user_in_id`, `media_id`, `messages_id`, `likee_type_id`, `created_at`, `updated_at`) VALUES (14, 14, 14, 114, 14, 14, '1998-09-16 23:37:43', '2013-01-28 11:03:12');
INSERT INTO `likee` (`id`, `user_out_id`, `user_in_id`, `media_id`, `messages_id`, `likee_type_id`, `created_at`, `updated_at`) VALUES (15, 15, 15, 115, 15, 15, '1973-09-05 04:56:01', '1974-10-10 11:08:48');
INSERT INTO `likee` (`id`, `user_out_id`, `user_in_id`, `media_id`, `messages_id`, `likee_type_id`, `created_at`, `updated_at`) VALUES (16, 16, 16, 116, 16, 16, '2016-01-14 07:05:05', '1995-04-11 02:47:56');
INSERT INTO `likee` (`id`, `user_out_id`, `user_in_id`, `media_id`, `messages_id`, `likee_type_id`, `created_at`, `updated_at`) VALUES (17, 17, 17, 117, 17, 17, '2012-06-10 14:37:07', '1989-05-25 12:16:30');
INSERT INTO `likee` (`id`, `user_out_id`, `user_in_id`, `media_id`, `messages_id`, `likee_type_id`, `created_at`, `updated_at`) VALUES (18, 18, 18, 118, 18, 18, '1971-10-28 05:56:50', '1987-10-02 23:14:08');
INSERT INTO `likee` (`id`, `user_out_id`, `user_in_id`, `media_id`, `messages_id`, `likee_type_id`, `created_at`, `updated_at`) VALUES (19, 19, 19, 119, 19, 19, '2004-03-19 22:21:39', '1987-05-26 15:42:32');
INSERT INTO `likee` (`id`, `user_out_id`, `user_in_id`, `media_id`, `messages_id`, `likee_type_id`, `created_at`, `updated_at`) VALUES (20, 20, 20, 120, 20, 20, '1973-02-16 03:45:48', '2020-05-01 04:28:17');
INSERT INTO `likee` (`id`, `user_out_id`, `user_in_id`, `media_id`, `messages_id`, `likee_type_id`, `created_at`, `updated_at`) VALUES (21, 21, 21, 121, 21, 21, '1984-03-12 11:29:12', '2002-06-25 13:50:52');
INSERT INTO `likee` (`id`, `user_out_id`, `user_in_id`, `media_id`, `messages_id`, `likee_type_id`, `created_at`, `updated_at`) VALUES (22, 22, 22, 122, 22, 22, '1984-09-27 15:30:59', '1970-04-16 09:06:13');
INSERT INTO `likee` (`id`, `user_out_id`, `user_in_id`, `media_id`, `messages_id`, `likee_type_id`, `created_at`, `updated_at`) VALUES (23, 23, 23, 123, 23, 23, '2013-04-25 15:30:57', '2013-04-28 06:26:10');
INSERT INTO `likee` (`id`, `user_out_id`, `user_in_id`, `media_id`, `messages_id`, `likee_type_id`, `created_at`, `updated_at`) VALUES (24, 24, 24, 124, 24, 24, '2018-12-10 13:08:57', '1988-07-09 02:40:56');
INSERT INTO `likee` (`id`, `user_out_id`, `user_in_id`, `media_id`, `messages_id`, `likee_type_id`, `created_at`, `updated_at`) VALUES (25, 25, 25, 125, 25, 25, '1996-08-06 09:35:16', '1998-09-02 21:25:18');
INSERT INTO `likee` (`id`, `user_out_id`, `user_in_id`, `media_id`, `messages_id`, `likee_type_id`, `created_at`, `updated_at`) VALUES (26, 26, 26, 126, 26, 26, '2009-02-19 06:56:21', '2003-10-27 12:33:15');
INSERT INTO `likee` (`id`, `user_out_id`, `user_in_id`, `media_id`, `messages_id`, `likee_type_id`, `created_at`, `updated_at`) VALUES (27, 27, 27, 127, 27, 27, '2002-07-08 09:40:31', '2001-05-22 05:31:14');
INSERT INTO `likee` (`id`, `user_out_id`, `user_in_id`, `media_id`, `messages_id`, `likee_type_id`, `created_at`, `updated_at`) VALUES (28, 28, 28, 128, 28, 28, '2004-07-01 16:04:18', '1983-08-15 14:10:37');
INSERT INTO `likee` (`id`, `user_out_id`, `user_in_id`, `media_id`, `messages_id`, `likee_type_id`, `created_at`, `updated_at`) VALUES (29, 29, 29, 129, 29, 29, '2012-07-09 14:29:04', '1981-12-30 02:59:32');
INSERT INTO `likee` (`id`, `user_out_id`, `user_in_id`, `media_id`, `messages_id`, `likee_type_id`, `created_at`, `updated_at`) VALUES (30, 30, 30, 130, 30, 30, '1978-01-10 14:10:25', '2018-06-15 02:21:59');
INSERT INTO `likee` (`id`, `user_out_id`, `user_in_id`, `media_id`, `messages_id`, `likee_type_id`, `created_at`, `updated_at`) VALUES (31, 31, 31, 131, 31, 31, '1981-09-01 07:26:21', '2007-09-27 10:00:45');
INSERT INTO `likee` (`id`, `user_out_id`, `user_in_id`, `media_id`, `messages_id`, `likee_type_id`, `created_at`, `updated_at`) VALUES (32, 32, 32, 132, 32, 32, '1975-10-16 10:39:05', '1987-07-23 03:21:35');
INSERT INTO `likee` (`id`, `user_out_id`, `user_in_id`, `media_id`, `messages_id`, `likee_type_id`, `created_at`, `updated_at`) VALUES (33, 33, 33, 133, 33, 33, '2011-04-06 02:07:11', '2012-12-17 00:44:54');
INSERT INTO `likee` (`id`, `user_out_id`, `user_in_id`, `media_id`, `messages_id`, `likee_type_id`, `created_at`, `updated_at`) VALUES (34, 34, 34, 134, 34, 34, '1987-03-19 00:42:25', '1991-07-02 11:39:18');
INSERT INTO `likee` (`id`, `user_out_id`, `user_in_id`, `media_id`, `messages_id`, `likee_type_id`, `created_at`, `updated_at`) VALUES (35, 35, 35, 135, 35, 35, '2002-03-21 10:39:35', '2011-07-18 11:04:41');
INSERT INTO `likee` (`id`, `user_out_id`, `user_in_id`, `media_id`, `messages_id`, `likee_type_id`, `created_at`, `updated_at`) VALUES (36, 36, 36, 136, 36, 36, '2001-05-29 20:03:47', '2012-09-29 05:03:51');
INSERT INTO `likee` (`id`, `user_out_id`, `user_in_id`, `media_id`, `messages_id`, `likee_type_id`, `created_at`, `updated_at`) VALUES (37, 37, 37, 137, 37, 37, '2020-07-30 23:22:39', '1978-11-25 05:11:12');
INSERT INTO `likee` (`id`, `user_out_id`, `user_in_id`, `media_id`, `messages_id`, `likee_type_id`, `created_at`, `updated_at`) VALUES (38, 38, 38, 138, 38, 38, '2014-10-19 21:14:13', '2000-07-14 20:05:37');
INSERT INTO `likee` (`id`, `user_out_id`, `user_in_id`, `media_id`, `messages_id`, `likee_type_id`, `created_at`, `updated_at`) VALUES (39, 39, 39, 139, 39, 39, '1998-01-10 06:06:49', '1970-07-30 06:29:27');
INSERT INTO `likee` (`id`, `user_out_id`, `user_in_id`, `media_id`, `messages_id`, `likee_type_id`, `created_at`, `updated_at`) VALUES (40, 40, 40, 140, 40, 40, '1992-10-22 03:18:57', '1994-05-07 06:35:06');
INSERT INTO `likee` (`id`, `user_out_id`, `user_in_id`, `media_id`, `messages_id`, `likee_type_id`, `created_at`, `updated_at`) VALUES (41, 41, 41, 141, 41, 41, '1996-10-19 22:38:26', '2002-04-28 00:33:06');
INSERT INTO `likee` (`id`, `user_out_id`, `user_in_id`, `media_id`, `messages_id`, `likee_type_id`, `created_at`, `updated_at`) VALUES (42, 42, 42, 142, 42, 42, '1981-03-08 02:16:03', '2002-07-29 17:44:31');
INSERT INTO `likee` (`id`, `user_out_id`, `user_in_id`, `media_id`, `messages_id`, `likee_type_id`, `created_at`, `updated_at`) VALUES (43, 43, 43, 143, 43, 43, '1998-12-21 18:30:08', '2006-09-14 19:48:07');
INSERT INTO `likee` (`id`, `user_out_id`, `user_in_id`, `media_id`, `messages_id`, `likee_type_id`, `created_at`, `updated_at`) VALUES (44, 44, 44, 144, 44, 44, '1971-03-10 04:11:32', '1980-09-12 22:04:29');
INSERT INTO `likee` (`id`, `user_out_id`, `user_in_id`, `media_id`, `messages_id`, `likee_type_id`, `created_at`, `updated_at`) VALUES (45, 45, 45, 145, 45, 45, '2000-07-18 04:11:01', '1998-03-31 22:28:44');
INSERT INTO `likee` (`id`, `user_out_id`, `user_in_id`, `media_id`, `messages_id`, `likee_type_id`, `created_at`, `updated_at`) VALUES (46, 46, 46, 146, 46, 46, '1973-01-02 09:47:40', '2009-08-23 18:13:21');
INSERT INTO `likee` (`id`, `user_out_id`, `user_in_id`, `media_id`, `messages_id`, `likee_type_id`, `created_at`, `updated_at`) VALUES (47, 47, 47, 147, 47, 47, '2016-05-20 14:38:28', '1988-03-19 02:27:21');
INSERT INTO `likee` (`id`, `user_out_id`, `user_in_id`, `media_id`, `messages_id`, `likee_type_id`, `created_at`, `updated_at`) VALUES (48, 48, 48, 148, 48, 48, '1991-10-26 12:48:17', '2008-07-23 14:43:05');
INSERT INTO `likee` (`id`, `user_out_id`, `user_in_id`, `media_id`, `messages_id`, `likee_type_id`, `created_at`, `updated_at`) VALUES (49, 49, 49, 149, 49, 49, '2003-09-09 15:10:45', '2007-12-09 02:00:53');
INSERT INTO `likee` (`id`, `user_out_id`, `user_in_id`, `media_id`, `messages_id`, `likee_type_id`, `created_at`, `updated_at`) VALUES (50, 50, 50, 150, 50, 50, '1999-04-20 03:42:22', '1987-08-10 01:11:19');
INSERT INTO `likee` (`id`, `user_out_id`, `user_in_id`, `media_id`, `messages_id`, `likee_type_id`, `created_at`, `updated_at`) VALUES (51, 51, 51, 151, 51, 51, '1996-07-18 10:24:56', '1992-09-20 14:29:39');
INSERT INTO `likee` (`id`, `user_out_id`, `user_in_id`, `media_id`, `messages_id`, `likee_type_id`, `created_at`, `updated_at`) VALUES (52, 52, 52, 152, 52, 52, '1971-09-27 13:16:47', '1996-01-25 00:36:31');
INSERT INTO `likee` (`id`, `user_out_id`, `user_in_id`, `media_id`, `messages_id`, `likee_type_id`, `created_at`, `updated_at`) VALUES (53, 53, 53, 153, 53, 53, '1975-02-16 03:16:01', '2003-11-11 00:37:49');
INSERT INTO `likee` (`id`, `user_out_id`, `user_in_id`, `media_id`, `messages_id`, `likee_type_id`, `created_at`, `updated_at`) VALUES (54, 54, 54, 154, 54, 54, '2008-07-11 20:32:03', '2011-06-16 02:39:59');
INSERT INTO `likee` (`id`, `user_out_id`, `user_in_id`, `media_id`, `messages_id`, `likee_type_id`, `created_at`, `updated_at`) VALUES (55, 55, 55, 155, 55, 55, '2009-08-12 22:08:55', '1985-02-28 07:48:49');
INSERT INTO `likee` (`id`, `user_out_id`, `user_in_id`, `media_id`, `messages_id`, `likee_type_id`, `created_at`, `updated_at`) VALUES (56, 56, 56, 156, 56, 56, '2005-10-08 18:00:22', '1971-09-19 03:06:40');
INSERT INTO `likee` (`id`, `user_out_id`, `user_in_id`, `media_id`, `messages_id`, `likee_type_id`, `created_at`, `updated_at`) VALUES (57, 57, 57, 157, 57, 57, '2014-12-11 18:35:28', '2015-03-14 12:20:54');
INSERT INTO `likee` (`id`, `user_out_id`, `user_in_id`, `media_id`, `messages_id`, `likee_type_id`, `created_at`, `updated_at`) VALUES (58, 58, 58, 158, 58, 58, '2020-07-27 07:11:02', '2019-02-08 11:29:29');
INSERT INTO `likee` (`id`, `user_out_id`, `user_in_id`, `media_id`, `messages_id`, `likee_type_id`, `created_at`, `updated_at`) VALUES (59, 59, 59, 159, 59, 59, '1972-02-16 23:49:16', '2005-10-22 17:50:38');
INSERT INTO `likee` (`id`, `user_out_id`, `user_in_id`, `media_id`, `messages_id`, `likee_type_id`, `created_at`, `updated_at`) VALUES (60, 60, 60, 160, 60, 60, '1972-02-24 16:33:10', '2015-04-21 22:35:52');
INSERT INTO `likee` (`id`, `user_out_id`, `user_in_id`, `media_id`, `messages_id`, `likee_type_id`, `created_at`, `updated_at`) VALUES (61, 61, 61, 161, 61, 61, '2005-01-29 04:33:42', '1979-02-05 21:10:43');
INSERT INTO `likee` (`id`, `user_out_id`, `user_in_id`, `media_id`, `messages_id`, `likee_type_id`, `created_at`, `updated_at`) VALUES (62, 62, 62, 162, 62, 62, '2008-11-28 23:43:04', '2014-03-15 15:27:52');
INSERT INTO `likee` (`id`, `user_out_id`, `user_in_id`, `media_id`, `messages_id`, `likee_type_id`, `created_at`, `updated_at`) VALUES (63, 63, 63, 163, 63, 63, '1982-10-19 22:10:18', '1979-09-20 17:49:57');
INSERT INTO `likee` (`id`, `user_out_id`, `user_in_id`, `media_id`, `messages_id`, `likee_type_id`, `created_at`, `updated_at`) VALUES (64, 64, 64, 164, 64, 64, '1979-05-14 10:26:38', '2014-06-23 13:48:20');
INSERT INTO `likee` (`id`, `user_out_id`, `user_in_id`, `media_id`, `messages_id`, `likee_type_id`, `created_at`, `updated_at`) VALUES (65, 65, 65, 165, 65, 65, '1996-03-20 04:14:43', '1984-04-01 08:54:16');
INSERT INTO `likee` (`id`, `user_out_id`, `user_in_id`, `media_id`, `messages_id`, `likee_type_id`, `created_at`, `updated_at`) VALUES (66, 66, 66, 166, 66, 66, '2007-09-02 02:06:08', '2004-05-04 04:46:19');
INSERT INTO `likee` (`id`, `user_out_id`, `user_in_id`, `media_id`, `messages_id`, `likee_type_id`, `created_at`, `updated_at`) VALUES (67, 67, 67, 167, 67, 67, '2001-07-26 22:32:36', '1993-10-07 22:11:30');
INSERT INTO `likee` (`id`, `user_out_id`, `user_in_id`, `media_id`, `messages_id`, `likee_type_id`, `created_at`, `updated_at`) VALUES (68, 68, 68, 168, 68, 68, '1970-12-20 12:23:39', '1976-05-01 03:19:28');
INSERT INTO `likee` (`id`, `user_out_id`, `user_in_id`, `media_id`, `messages_id`, `likee_type_id`, `created_at`, `updated_at`) VALUES (69, 69, 69, 169, 69, 69, '1991-05-02 09:14:55', '1997-08-22 07:04:41');
INSERT INTO `likee` (`id`, `user_out_id`, `user_in_id`, `media_id`, `messages_id`, `likee_type_id`, `created_at`, `updated_at`) VALUES (70, 70, 70, 170, 70, 70, '1996-09-26 02:21:05', '1974-06-18 10:52:23');
INSERT INTO `likee` (`id`, `user_out_id`, `user_in_id`, `media_id`, `messages_id`, `likee_type_id`, `created_at`, `updated_at`) VALUES (71, 71, 71, 171, 71, 71, '1992-08-31 05:27:51', '1998-06-15 00:29:21');
INSERT INTO `likee` (`id`, `user_out_id`, `user_in_id`, `media_id`, `messages_id`, `likee_type_id`, `created_at`, `updated_at`) VALUES (72, 72, 72, 172, 72, 72, '2003-03-18 14:08:01', '1980-08-15 11:29:30');
INSERT INTO `likee` (`id`, `user_out_id`, `user_in_id`, `media_id`, `messages_id`, `likee_type_id`, `created_at`, `updated_at`) VALUES (73, 73, 73, 173, 73, 73, '1988-04-29 07:04:18', '2000-02-16 11:41:00');
INSERT INTO `likee` (`id`, `user_out_id`, `user_in_id`, `media_id`, `messages_id`, `likee_type_id`, `created_at`, `updated_at`) VALUES (74, 74, 74, 174, 74, 74, '2018-11-09 04:07:50', '1992-04-15 15:27:22');
INSERT INTO `likee` (`id`, `user_out_id`, `user_in_id`, `media_id`, `messages_id`, `likee_type_id`, `created_at`, `updated_at`) VALUES (75, 75, 75, 175, 75, 75, '1983-09-30 20:31:37', '1972-10-23 23:12:11');
INSERT INTO `likee` (`id`, `user_out_id`, `user_in_id`, `media_id`, `messages_id`, `likee_type_id`, `created_at`, `updated_at`) VALUES (76, 76, 76, 176, 76, 76, '2003-03-18 21:33:17', '2005-01-04 03:18:17');
INSERT INTO `likee` (`id`, `user_out_id`, `user_in_id`, `media_id`, `messages_id`, `likee_type_id`, `created_at`, `updated_at`) VALUES (77, 77, 77, 177, 77, 77, '2011-09-25 05:24:50', '1974-02-23 02:25:45');
INSERT INTO `likee` (`id`, `user_out_id`, `user_in_id`, `media_id`, `messages_id`, `likee_type_id`, `created_at`, `updated_at`) VALUES (78, 78, 78, 178, 78, 78, '1996-04-20 21:08:08', '1988-10-18 11:16:39');
INSERT INTO `likee` (`id`, `user_out_id`, `user_in_id`, `media_id`, `messages_id`, `likee_type_id`, `created_at`, `updated_at`) VALUES (79, 79, 79, 179, 79, 79, '2014-03-28 20:05:13', '1977-01-29 22:31:12');
INSERT INTO `likee` (`id`, `user_out_id`, `user_in_id`, `media_id`, `messages_id`, `likee_type_id`, `created_at`, `updated_at`) VALUES (80, 80, 80, 180, 80, 80, '2013-09-05 22:13:35', '1993-07-19 18:53:41');
INSERT INTO `likee` (`id`, `user_out_id`, `user_in_id`, `media_id`, `messages_id`, `likee_type_id`, `created_at`, `updated_at`) VALUES (81, 81, 81, 181, 81, 81, '2002-07-04 01:37:55', '1976-09-12 15:49:16');
INSERT INTO `likee` (`id`, `user_out_id`, `user_in_id`, `media_id`, `messages_id`, `likee_type_id`, `created_at`, `updated_at`) VALUES (82, 82, 82, 182, 82, 82, '1998-03-16 00:49:16', '2008-12-06 10:49:50');
INSERT INTO `likee` (`id`, `user_out_id`, `user_in_id`, `media_id`, `messages_id`, `likee_type_id`, `created_at`, `updated_at`) VALUES (83, 83, 83, 183, 83, 83, '1972-05-21 09:36:35', '2017-01-22 22:34:35');
INSERT INTO `likee` (`id`, `user_out_id`, `user_in_id`, `media_id`, `messages_id`, `likee_type_id`, `created_at`, `updated_at`) VALUES (84, 84, 84, 184, 84, 84, '1996-10-12 19:50:28', '1992-04-13 15:50:39');
INSERT INTO `likee` (`id`, `user_out_id`, `user_in_id`, `media_id`, `messages_id`, `likee_type_id`, `created_at`, `updated_at`) VALUES (85, 85, 85, 101, 85, 85, '2020-07-07 09:11:38', '2020-07-12 14:34:39');
INSERT INTO `likee` (`id`, `user_out_id`, `user_in_id`, `media_id`, `messages_id`, `likee_type_id`, `created_at`, `updated_at`) VALUES (86, 86, 86, 102, 86, 86, '2017-07-31 06:48:53', '1983-01-30 14:45:25');
INSERT INTO `likee` (`id`, `user_out_id`, `user_in_id`, `media_id`, `messages_id`, `likee_type_id`, `created_at`, `updated_at`) VALUES (87, 87, 87, 103, 87, 87, '1986-08-06 19:12:19', '1977-10-22 15:04:27');
INSERT INTO `likee` (`id`, `user_out_id`, `user_in_id`, `media_id`, `messages_id`, `likee_type_id`, `created_at`, `updated_at`) VALUES (88, 88, 88, 104, 88, 88, '1994-06-24 21:53:37', '2008-12-02 08:21:18');
INSERT INTO `likee` (`id`, `user_out_id`, `user_in_id`, `media_id`, `messages_id`, `likee_type_id`, `created_at`, `updated_at`) VALUES (89, 89, 89, 105, 89, 89, '2001-07-23 13:02:47', '2005-06-20 09:04:49');
INSERT INTO `likee` (`id`, `user_out_id`, `user_in_id`, `media_id`, `messages_id`, `likee_type_id`, `created_at`, `updated_at`) VALUES (90, 90, 90, 106, 90, 90, '1989-11-02 05:03:08', '2007-11-14 22:30:39');
INSERT INTO `likee` (`id`, `user_out_id`, `user_in_id`, `media_id`, `messages_id`, `likee_type_id`, `created_at`, `updated_at`) VALUES (91, 91, 91, 107, 91, 91, '2015-12-16 03:16:05', '1987-08-05 05:26:42');
INSERT INTO `likee` (`id`, `user_out_id`, `user_in_id`, `media_id`, `messages_id`, `likee_type_id`, `created_at`, `updated_at`) VALUES (92, 92, 92, 108, 92, 92, '2012-04-08 20:53:43', '2008-09-01 07:43:38');
INSERT INTO `likee` (`id`, `user_out_id`, `user_in_id`, `media_id`, `messages_id`, `likee_type_id`, `created_at`, `updated_at`) VALUES (93, 93, 93, 109, 93, 93, '1995-03-20 12:37:15', '1970-10-14 07:19:00');
INSERT INTO `likee` (`id`, `user_out_id`, `user_in_id`, `media_id`, `messages_id`, `likee_type_id`, `created_at`, `updated_at`) VALUES (94, 94, 94, 110, 94, 94, '2021-05-25 13:36:55', '1987-12-01 19:33:37');
INSERT INTO `likee` (`id`, `user_out_id`, `user_in_id`, `media_id`, `messages_id`, `likee_type_id`, `created_at`, `updated_at`) VALUES (95, 95, 95, 111, 95, 95, '2008-03-01 20:50:29', '1995-11-11 01:38:01');
INSERT INTO `likee` (`id`, `user_out_id`, `user_in_id`, `media_id`, `messages_id`, `likee_type_id`, `created_at`, `updated_at`) VALUES (96, 96, 96, 112, 96, 96, '1991-11-08 11:17:05', '2006-12-01 22:42:45');
INSERT INTO `likee` (`id`, `user_out_id`, `user_in_id`, `media_id`, `messages_id`, `likee_type_id`, `created_at`, `updated_at`) VALUES (97, 97, 97, 113, 97, 97, '1997-01-07 04:42:51', '1992-08-20 09:53:05');
INSERT INTO `likee` (`id`, `user_out_id`, `user_in_id`, `media_id`, `messages_id`, `likee_type_id`, `created_at`, `updated_at`) VALUES (98, 98, 98, 114, 98, 98, '1986-11-24 00:13:01', '1993-01-31 18:28:44');
INSERT INTO `likee` (`id`, `user_out_id`, `user_in_id`, `media_id`, `messages_id`, `likee_type_id`, `created_at`, `updated_at`) VALUES (99, 99, 99, 115, 99, 99, '2011-04-12 08:08:01', '1984-04-01 06:21:35');
INSERT INTO `likee` (`id`, `user_out_id`, `user_in_id`, `media_id`, `messages_id`, `likee_type_id`, `created_at`, `updated_at`) VALUES (100, 100, 100, 116, 100, 100, '2016-10-27 03:49:10', '1983-10-10 15:48:49');


#
# TABLE STRUCTURE FOR: likee_types
#

DROP TABLE IF EXISTS `likee_types`;

CREATE TABLE `likee_types` (
  `id` int(10) unsigned NOT NULL AUTO_INCREMENT,
  `name` varchar(255) COLLATE utf8mb4_unicode_ci NOT NULL,
  `created_at` datetime DEFAULT current_timestamp(),
  `updated_at` datetime DEFAULT current_timestamp() ON UPDATE current_timestamp(),
  PRIMARY KEY (`id`),
  UNIQUE KEY `name` (`name`)
) ENGINE=InnoDB AUTO_INCREMENT=101 DEFAULT CHARSET=utf8mb4 COLLATE=utf8mb4_unicode_ci;

INSERT INTO `likee_types` (`id`, `name`, `created_at`, `updated_at`) VALUES (1, 'ducimus', '2016-04-18 14:34:06', '2005-06-18 08:48:38');
INSERT INTO `likee_types` (`id`, `name`, `created_at`, `updated_at`) VALUES (2, 'molestias', '1999-11-15 07:27:17', '2005-10-22 20:12:17');
INSERT INTO `likee_types` (`id`, `name`, `created_at`, `updated_at`) VALUES (3, 'maxime', '1996-10-25 09:13:38', '1983-11-15 12:49:26');
INSERT INTO `likee_types` (`id`, `name`, `created_at`, `updated_at`) VALUES (4, 'voluptas', '1973-02-10 05:37:54', '2010-06-22 15:35:53');
INSERT INTO `likee_types` (`id`, `name`, `created_at`, `updated_at`) VALUES (5, 'eos', '1984-07-24 05:43:09', '1981-02-12 08:47:36');
INSERT INTO `likee_types` (`id`, `name`, `created_at`, `updated_at`) VALUES (6, 'nam', '1986-12-07 13:23:17', '1980-08-23 12:11:40');
INSERT INTO `likee_types` (`id`, `name`, `created_at`, `updated_at`) VALUES (7, 'aut', '2019-08-03 19:52:12', '1971-05-30 01:04:26');
INSERT INTO `likee_types` (`id`, `name`, `created_at`, `updated_at`) VALUES (8, 'nesciunt', '1999-02-10 16:27:31', '2002-11-23 06:22:10');
INSERT INTO `likee_types` (`id`, `name`, `created_at`, `updated_at`) VALUES (9, 'id', '1996-03-06 23:43:15', '1979-09-22 09:53:38');
INSERT INTO `likee_types` (`id`, `name`, `created_at`, `updated_at`) VALUES (10, 'eum', '1975-07-05 16:00:21', '2013-10-23 05:35:00');
INSERT INTO `likee_types` (`id`, `name`, `created_at`, `updated_at`) VALUES (11, 'sed', '1980-04-06 20:48:15', '1991-05-27 13:16:29');
INSERT INTO `likee_types` (`id`, `name`, `created_at`, `updated_at`) VALUES (12, 'nihil', '1975-06-28 23:22:11', '2017-12-02 15:07:46');
INSERT INTO `likee_types` (`id`, `name`, `created_at`, `updated_at`) VALUES (13, 'consequatur', '1993-01-09 19:46:03', '1994-01-24 00:59:19');
INSERT INTO `likee_types` (`id`, `name`, `created_at`, `updated_at`) VALUES (14, 'non', '1992-12-22 01:26:35', '1987-05-16 02:24:18');
INSERT INTO `likee_types` (`id`, `name`, `created_at`, `updated_at`) VALUES (15, 'explicabo', '2010-01-15 14:48:41', '1972-12-11 07:37:15');
INSERT INTO `likee_types` (`id`, `name`, `created_at`, `updated_at`) VALUES (16, 'ex', '1991-10-09 22:21:08', '1999-09-28 11:04:58');
INSERT INTO `likee_types` (`id`, `name`, `created_at`, `updated_at`) VALUES (17, 'similique', '1998-09-08 12:16:03', '1987-11-21 14:29:32');
INSERT INTO `likee_types` (`id`, `name`, `created_at`, `updated_at`) VALUES (18, 'temporibus', '2011-10-13 07:23:49', '2000-03-03 17:03:20');
INSERT INTO `likee_types` (`id`, `name`, `created_at`, `updated_at`) VALUES (19, 'sunt', '2020-10-05 01:57:47', '2009-09-24 20:53:12');
INSERT INTO `likee_types` (`id`, `name`, `created_at`, `updated_at`) VALUES (20, 'praesentium', '2020-07-17 00:16:39', '2011-06-13 08:56:14');
INSERT INTO `likee_types` (`id`, `name`, `created_at`, `updated_at`) VALUES (21, 'ut', '1980-11-04 15:32:12', '1980-07-27 06:41:16');
INSERT INTO `likee_types` (`id`, `name`, `created_at`, `updated_at`) VALUES (22, 'velit', '1980-04-12 02:25:00', '2009-12-16 08:14:59');
INSERT INTO `likee_types` (`id`, `name`, `created_at`, `updated_at`) VALUES (23, 'sit', '1991-01-01 06:22:08', '2013-02-08 07:55:56');
INSERT INTO `likee_types` (`id`, `name`, `created_at`, `updated_at`) VALUES (24, 'quas', '2011-03-24 06:37:38', '2001-07-22 22:03:26');
INSERT INTO `likee_types` (`id`, `name`, `created_at`, `updated_at`) VALUES (25, 'qui', '2019-03-02 09:35:04', '1983-10-01 08:53:13');
INSERT INTO `likee_types` (`id`, `name`, `created_at`, `updated_at`) VALUES (26, 'suscipit', '2017-04-14 22:14:54', '1978-01-17 16:59:41');
INSERT INTO `likee_types` (`id`, `name`, `created_at`, `updated_at`) VALUES (27, 'quisquam', '1986-10-17 03:28:46', '1985-07-11 01:08:25');
INSERT INTO `likee_types` (`id`, `name`, `created_at`, `updated_at`) VALUES (28, 'ad', '1992-11-15 10:29:22', '1993-04-22 01:12:49');
INSERT INTO `likee_types` (`id`, `name`, `created_at`, `updated_at`) VALUES (29, 'earum', '1988-04-06 19:59:51', '1985-09-25 01:24:36');
INSERT INTO `likee_types` (`id`, `name`, `created_at`, `updated_at`) VALUES (30, 'dolor', '2006-12-30 02:54:43', '2015-08-01 21:45:38');
INSERT INTO `likee_types` (`id`, `name`, `created_at`, `updated_at`) VALUES (31, 'et', '2012-01-04 21:16:03', '1997-08-04 15:45:58');
INSERT INTO `likee_types` (`id`, `name`, `created_at`, `updated_at`) VALUES (32, 'atque', '2010-06-04 21:59:41', '2001-06-03 10:32:07');
INSERT INTO `likee_types` (`id`, `name`, `created_at`, `updated_at`) VALUES (33, 'reiciendis', '1987-04-30 09:29:03', '2007-08-17 14:30:13');
INSERT INTO `likee_types` (`id`, `name`, `created_at`, `updated_at`) VALUES (34, 'quasi', '1997-03-04 14:22:31', '2019-12-22 14:41:15');
INSERT INTO `likee_types` (`id`, `name`, `created_at`, `updated_at`) VALUES (35, 'quis', '2006-10-20 11:30:22', '2012-03-31 10:42:09');
INSERT INTO `likee_types` (`id`, `name`, `created_at`, `updated_at`) VALUES (36, 'autem', '2010-11-19 21:19:44', '1993-01-15 09:52:18');
INSERT INTO `likee_types` (`id`, `name`, `created_at`, `updated_at`) VALUES (37, 'cum', '2002-02-21 22:03:14', '1991-03-01 23:22:11');
INSERT INTO `likee_types` (`id`, `name`, `created_at`, `updated_at`) VALUES (38, 'delectus', '1978-12-12 16:39:15', '2000-10-26 08:24:04');
INSERT INTO `likee_types` (`id`, `name`, `created_at`, `updated_at`) VALUES (39, 'laborum', '2004-10-30 08:46:28', '1994-07-23 09:43:55');
INSERT INTO `likee_types` (`id`, `name`, `created_at`, `updated_at`) VALUES (40, 'tempora', '2011-12-26 05:27:19', '2013-04-09 07:12:06');
INSERT INTO `likee_types` (`id`, `name`, `created_at`, `updated_at`) VALUES (41, 'rerum', '1999-03-23 13:22:14', '2001-04-17 14:20:32');
INSERT INTO `likee_types` (`id`, `name`, `created_at`, `updated_at`) VALUES (42, 'est', '1971-01-28 00:39:19', '2013-05-27 16:49:51');
INSERT INTO `likee_types` (`id`, `name`, `created_at`, `updated_at`) VALUES (43, 'voluptatem', '2013-09-05 09:54:37', '1970-03-04 00:04:23');
INSERT INTO `likee_types` (`id`, `name`, `created_at`, `updated_at`) VALUES (44, 'molestiae', '2018-12-02 17:49:41', '2017-06-06 22:17:05');
INSERT INTO `likee_types` (`id`, `name`, `created_at`, `updated_at`) VALUES (45, 'doloribus', '2004-07-18 17:32:02', '1998-05-06 11:35:50');
INSERT INTO `likee_types` (`id`, `name`, `created_at`, `updated_at`) VALUES (46, 'accusamus', '2020-04-25 17:46:10', '2005-01-01 02:10:25');
INSERT INTO `likee_types` (`id`, `name`, `created_at`, `updated_at`) VALUES (47, 'aspernatur', '1981-07-21 04:51:35', '1970-03-07 02:17:58');
INSERT INTO `likee_types` (`id`, `name`, `created_at`, `updated_at`) VALUES (48, 'veniam', '2012-03-18 05:25:43', '1991-04-08 17:01:58');
INSERT INTO `likee_types` (`id`, `name`, `created_at`, `updated_at`) VALUES (49, 'nemo', '2011-08-16 20:47:33', '1972-08-05 00:15:01');
INSERT INTO `likee_types` (`id`, `name`, `created_at`, `updated_at`) VALUES (50, 'expedita', '1977-09-20 11:15:45', '2003-06-11 10:48:50');
INSERT INTO `likee_types` (`id`, `name`, `created_at`, `updated_at`) VALUES (51, 'neque', '2012-04-28 06:46:32', '1987-08-05 16:50:11');
INSERT INTO `likee_types` (`id`, `name`, `created_at`, `updated_at`) VALUES (52, 'placeat', '2016-10-19 18:03:48', '2012-12-10 02:03:33');
INSERT INTO `likee_types` (`id`, `name`, `created_at`, `updated_at`) VALUES (53, 'libero', '1975-06-01 21:09:58', '1976-09-26 02:59:03');
INSERT INTO `likee_types` (`id`, `name`, `created_at`, `updated_at`) VALUES (54, 'minus', '1970-04-20 21:30:30', '2021-02-19 13:06:56');
INSERT INTO `likee_types` (`id`, `name`, `created_at`, `updated_at`) VALUES (55, 'eligendi', '2003-08-01 20:18:38', '1991-05-01 18:57:03');
INSERT INTO `likee_types` (`id`, `name`, `created_at`, `updated_at`) VALUES (56, 'eaque', '1989-11-21 02:35:33', '1997-08-14 13:16:12');
INSERT INTO `likee_types` (`id`, `name`, `created_at`, `updated_at`) VALUES (57, 'accusantium', '1992-09-14 23:52:37', '1999-02-04 10:15:32');
INSERT INTO `likee_types` (`id`, `name`, `created_at`, `updated_at`) VALUES (58, 'enim', '2021-04-02 10:35:46', '2012-01-11 16:56:28');
INSERT INTO `likee_types` (`id`, `name`, `created_at`, `updated_at`) VALUES (59, 'ea', '1993-03-18 07:31:58', '2013-09-08 08:34:24');
INSERT INTO `likee_types` (`id`, `name`, `created_at`, `updated_at`) VALUES (60, 'vitae', '2003-11-11 09:33:35', '2000-06-03 08:36:14');
INSERT INTO `likee_types` (`id`, `name`, `created_at`, `updated_at`) VALUES (61, 'ipsum', '1986-06-08 06:37:28', '2016-08-14 01:26:21');
INSERT INTO `likee_types` (`id`, `name`, `created_at`, `updated_at`) VALUES (62, 'vero', '2017-08-02 14:33:25', '2013-07-19 03:33:40');
INSERT INTO `likee_types` (`id`, `name`, `created_at`, `updated_at`) VALUES (63, 'dolores', '1973-08-12 01:06:31', '2007-01-26 13:22:15');
INSERT INTO `likee_types` (`id`, `name`, `created_at`, `updated_at`) VALUES (64, 'voluptates', '1982-04-18 16:15:06', '1988-03-18 06:36:11');
INSERT INTO `likee_types` (`id`, `name`, `created_at`, `updated_at`) VALUES (65, 'consectetur', '2005-08-19 10:19:59', '1984-07-25 09:57:54');
INSERT INTO `likee_types` (`id`, `name`, `created_at`, `updated_at`) VALUES (66, 'ratione', '1972-08-17 16:47:28', '2018-06-01 06:38:03');
INSERT INTO `likee_types` (`id`, `name`, `created_at`, `updated_at`) VALUES (67, 'natus', '2007-04-03 19:11:56', '1980-08-05 22:34:42');
INSERT INTO `likee_types` (`id`, `name`, `created_at`, `updated_at`) VALUES (68, 'harum', '2006-06-16 04:28:04', '1997-05-18 05:51:00');
INSERT INTO `likee_types` (`id`, `name`, `created_at`, `updated_at`) VALUES (69, 'quia', '2020-08-22 07:44:53', '1991-10-27 17:49:28');
INSERT INTO `likee_types` (`id`, `name`, `created_at`, `updated_at`) VALUES (70, 'dolore', '1976-04-28 10:31:32', '1979-07-28 22:18:19');
INSERT INTO `likee_types` (`id`, `name`, `created_at`, `updated_at`) VALUES (71, 'nulla', '1972-06-27 22:35:50', '1987-11-07 23:09:52');
INSERT INTO `likee_types` (`id`, `name`, `created_at`, `updated_at`) VALUES (72, 'soluta', '1988-02-18 16:07:25', '2017-10-05 00:39:09');
INSERT INTO `likee_types` (`id`, `name`, `created_at`, `updated_at`) VALUES (73, 'fugit', '1996-01-06 10:19:57', '2001-11-07 01:41:02');
INSERT INTO `likee_types` (`id`, `name`, `created_at`, `updated_at`) VALUES (74, 'pariatur', '1970-02-16 02:51:17', '2003-08-19 07:10:39');
INSERT INTO `likee_types` (`id`, `name`, `created_at`, `updated_at`) VALUES (75, 'adipisci', '1994-02-03 15:20:09', '2017-08-13 16:56:35');
INSERT INTO `likee_types` (`id`, `name`, `created_at`, `updated_at`) VALUES (76, 'error', '2001-12-19 06:47:41', '1994-04-19 22:29:07');
INSERT INTO `likee_types` (`id`, `name`, `created_at`, `updated_at`) VALUES (77, 'ipsa', '2000-05-01 02:40:03', '2004-06-28 18:40:39');
INSERT INTO `likee_types` (`id`, `name`, `created_at`, `updated_at`) VALUES (78, 'deleniti', '1983-03-31 03:49:12', '2003-03-30 06:54:09');
INSERT INTO `likee_types` (`id`, `name`, `created_at`, `updated_at`) VALUES (79, 'dolorem', '1973-12-30 01:33:18', '1980-03-11 13:28:25');
INSERT INTO `likee_types` (`id`, `name`, `created_at`, `updated_at`) VALUES (80, 'quos', '2008-05-18 17:43:15', '2020-09-01 20:41:04');
INSERT INTO `likee_types` (`id`, `name`, `created_at`, `updated_at`) VALUES (81, 'sint', '1974-04-08 11:49:47', '1979-05-29 00:47:53');
INSERT INTO `likee_types` (`id`, `name`, `created_at`, `updated_at`) VALUES (82, 'facere', '1982-07-05 00:50:01', '1993-07-27 13:08:39');
INSERT INTO `likee_types` (`id`, `name`, `created_at`, `updated_at`) VALUES (83, 'quo', '2009-06-09 11:57:05', '2020-05-24 10:08:58');
INSERT INTO `likee_types` (`id`, `name`, `created_at`, `updated_at`) VALUES (84, 'beatae', '1974-08-16 12:24:57', '2009-09-08 06:59:00');
INSERT INTO `likee_types` (`id`, `name`, `created_at`, `updated_at`) VALUES (85, 'exercitationem', '1987-02-23 09:33:59', '1976-10-25 13:16:04');
INSERT INTO `likee_types` (`id`, `name`, `created_at`, `updated_at`) VALUES (86, 'deserunt', '2016-12-05 21:36:18', '2009-04-06 12:32:44');
INSERT INTO `likee_types` (`id`, `name`, `created_at`, `updated_at`) VALUES (87, 'assumenda', '1998-12-20 12:38:46', '2018-07-25 00:17:46');
INSERT INTO `likee_types` (`id`, `name`, `created_at`, `updated_at`) VALUES (88, 'aliquam', '2009-05-11 09:11:24', '2017-02-27 23:30:30');
INSERT INTO `likee_types` (`id`, `name`, `created_at`, `updated_at`) VALUES (89, 'perferendis', '2020-11-02 02:08:08', '1989-09-14 19:03:20');
INSERT INTO `likee_types` (`id`, `name`, `created_at`, `updated_at`) VALUES (90, 'illum', '1972-12-24 08:39:05', '1996-04-22 17:31:00');
INSERT INTO `likee_types` (`id`, `name`, `created_at`, `updated_at`) VALUES (91, 'repellendus', '2017-01-25 05:14:21', '2008-06-08 13:56:50');
INSERT INTO `likee_types` (`id`, `name`, `created_at`, `updated_at`) VALUES (92, 'iure', '1974-12-17 06:00:08', '2004-06-27 08:02:44');
INSERT INTO `likee_types` (`id`, `name`, `created_at`, `updated_at`) VALUES (93, 'at', '1993-04-29 05:56:24', '1991-09-18 01:56:21');
INSERT INTO `likee_types` (`id`, `name`, `created_at`, `updated_at`) VALUES (94, 'itaque', '1988-04-04 20:26:52', '1978-05-17 18:18:07');
INSERT INTO `likee_types` (`id`, `name`, `created_at`, `updated_at`) VALUES (95, 'rem', '1996-05-21 12:38:21', '2000-12-28 00:17:11');
INSERT INTO `likee_types` (`id`, `name`, `created_at`, `updated_at`) VALUES (96, 'nisi', '1994-09-05 10:03:15', '1975-08-12 12:31:58');
INSERT INTO `likee_types` (`id`, `name`, `created_at`, `updated_at`) VALUES (97, 'repellat', '2010-05-25 12:28:36', '1989-01-08 04:50:33');
INSERT INTO `likee_types` (`id`, `name`, `created_at`, `updated_at`) VALUES (98, 'officiis', '1988-02-04 16:04:47', '2010-05-15 02:05:46');
INSERT INTO `likee_types` (`id`, `name`, `created_at`, `updated_at`) VALUES (99, 'nostrum', '1980-10-01 15:31:54', '1986-12-25 09:32:33');
INSERT INTO `likee_types` (`id`, `name`, `created_at`, `updated_at`) VALUES (100, 'esse', '2008-10-25 20:16:55', '1976-06-14 09:59:09');


#
# TABLE STRUCTURE FOR: media
#

DROP TABLE IF EXISTS `media`;

CREATE TABLE `media` (
  `id` int(10) unsigned NOT NULL AUTO_INCREMENT,
  `user_id` int(10) unsigned NOT NULL,
  `filename` varchar(255) COLLATE utf8mb4_unicode_ci NOT NULL,
  `size` int(11) NOT NULL,
  `metadata` longtext CHARACTER SET utf8mb4 COLLATE utf8mb4_bin DEFAULT NULL CHECK (json_valid(`metadata`)),
  `media_type_id` int(10) unsigned NOT NULL,
  `created_at` datetime DEFAULT current_timestamp(),
  `updated_at` datetime DEFAULT current_timestamp() ON UPDATE current_timestamp(),
  PRIMARY KEY (`id`)
) ENGINE=InnoDB AUTO_INCREMENT=185 DEFAULT CHARSET=utf8mb4 COLLATE=utf8mb4_unicode_ci;

INSERT INTO `media` (`id`, `user_id`, `filename`, `size`, `metadata`, `media_type_id`, `created_at`, `updated_at`) VALUES (101, 1, 'maiores', 98, '825475', 1, '2016-05-01 14:21:50', '1980-07-17 02:32:48');
INSERT INTO `media` (`id`, `user_id`, `filename`, `size`, `metadata`, `media_type_id`, `created_at`, `updated_at`) VALUES (102, 2, 'qui', 0, '6', 2, '1980-06-26 09:28:28', '2020-05-01 14:55:48');
INSERT INTO `media` (`id`, `user_id`, `filename`, `size`, `metadata`, `media_type_id`, `created_at`, `updated_at`) VALUES (103, 3, 'aliquam', 2953690, '53', 3, '2012-06-26 21:29:02', '2017-01-23 19:17:48');
INSERT INTO `media` (`id`, `user_id`, `filename`, `size`, `metadata`, `media_type_id`, `created_at`, `updated_at`) VALUES (104, 4, 'voluptatem', 1, '826', 4, '1994-12-06 12:12:08', '1994-07-31 10:03:17');
INSERT INTO `media` (`id`, `user_id`, `filename`, `size`, `metadata`, `media_type_id`, `created_at`, `updated_at`) VALUES (105, 5, 'quia', 0, '97135', 5, '2013-10-05 21:18:51', '1978-08-13 03:43:07');
INSERT INTO `media` (`id`, `user_id`, `filename`, `size`, `metadata`, `media_type_id`, `created_at`, `updated_at`) VALUES (106, 6, 'consectetur', 5667637, '458399', 6, '2019-09-03 11:11:25', '1975-01-08 04:09:58');
INSERT INTO `media` (`id`, `user_id`, `filename`, `size`, `metadata`, `media_type_id`, `created_at`, `updated_at`) VALUES (107, 8, 'in', 94282426, '40', 8, '2012-07-21 00:22:06', '1997-12-03 02:16:51');
INSERT INTO `media` (`id`, `user_id`, `filename`, `size`, `metadata`, `media_type_id`, `created_at`, `updated_at`) VALUES (108, 9, 'veniam', 333876, '19340', 9, '2014-07-21 08:37:08', '2018-05-29 08:21:38');
INSERT INTO `media` (`id`, `user_id`, `filename`, `size`, `metadata`, `media_type_id`, `created_at`, `updated_at`) VALUES (109, 10, 'et', 1651, '9436', 10, '2016-11-10 17:39:11', '1991-07-21 12:06:09');
INSERT INTO `media` (`id`, `user_id`, `filename`, `size`, `metadata`, `media_type_id`, `created_at`, `updated_at`) VALUES (110, 11, 'quod', 62139, '2223', 11, '2003-08-01 06:29:22', '2016-06-14 12:09:01');
INSERT INTO `media` (`id`, `user_id`, `filename`, `size`, `metadata`, `media_type_id`, `created_at`, `updated_at`) VALUES (111, 12, 'asperiores', 893, '53173', 12, '2005-05-20 17:15:39', '2018-05-23 00:57:42');
INSERT INTO `media` (`id`, `user_id`, `filename`, `size`, `metadata`, `media_type_id`, `created_at`, `updated_at`) VALUES (112, 13, 'non', 7, '5943015', 13, '2007-07-16 03:35:06', '1980-11-12 23:21:23');
INSERT INTO `media` (`id`, `user_id`, `filename`, `size`, `metadata`, `media_type_id`, `created_at`, `updated_at`) VALUES (113, 14, 'corporis', 6529, '43531522', 14, '1997-04-19 21:14:17', '2018-06-12 00:57:41');
INSERT INTO `media` (`id`, `user_id`, `filename`, `size`, `metadata`, `media_type_id`, `created_at`, `updated_at`) VALUES (114, 15, 'qui', 337144, '4152', 15, '1977-08-24 09:19:48', '2008-05-18 22:05:03');
INSERT INTO `media` (`id`, `user_id`, `filename`, `size`, `metadata`, `media_type_id`, `created_at`, `updated_at`) VALUES (115, 16, 'ut', 9, '7524613', 16, '1985-05-10 20:44:57', '2000-01-14 04:56:27');
INSERT INTO `media` (`id`, `user_id`, `filename`, `size`, `metadata`, `media_type_id`, `created_at`, `updated_at`) VALUES (116, 17, 'voluptatem', 575936072, '5', 17, '2015-07-25 20:53:06', '1985-07-19 01:36:44');
INSERT INTO `media` (`id`, `user_id`, `filename`, `size`, `metadata`, `media_type_id`, `created_at`, `updated_at`) VALUES (117, 18, 'omnis', 0, '75594', 18, '2020-03-30 20:49:44', '2016-08-16 04:53:38');
INSERT INTO `media` (`id`, `user_id`, `filename`, `size`, `metadata`, `media_type_id`, `created_at`, `updated_at`) VALUES (118, 19, 'et', 8984, '747354141', 19, '1982-01-29 08:39:57', '1997-11-26 17:46:11');
INSERT INTO `media` (`id`, `user_id`, `filename`, `size`, `metadata`, `media_type_id`, `created_at`, `updated_at`) VALUES (119, 20, 'eaque', 967967841, '121791', 20, '2017-10-02 20:42:22', '1986-02-04 15:59:13');
INSERT INTO `media` (`id`, `user_id`, `filename`, `size`, `metadata`, `media_type_id`, `created_at`, `updated_at`) VALUES (120, 21, 'eaque', 25679, '87965334', 21, '2001-04-13 11:48:03', '2019-03-03 04:11:37');
INSERT INTO `media` (`id`, `user_id`, `filename`, `size`, `metadata`, `media_type_id`, `created_at`, `updated_at`) VALUES (121, 22, 'excepturi', 23, '869', 22, '1972-04-05 00:30:24', '1999-10-14 02:32:32');
INSERT INTO `media` (`id`, `user_id`, `filename`, `size`, `metadata`, `media_type_id`, `created_at`, `updated_at`) VALUES (122, 25, 'debitis', 59261080, '830', 25, '1978-08-01 22:31:22', '1997-08-17 15:35:55');
INSERT INTO `media` (`id`, `user_id`, `filename`, `size`, `metadata`, `media_type_id`, `created_at`, `updated_at`) VALUES (123, 26, 'hic', 245, '121322', 26, '2011-05-08 03:54:03', '1986-03-11 08:59:05');
INSERT INTO `media` (`id`, `user_id`, `filename`, `size`, `metadata`, `media_type_id`, `created_at`, `updated_at`) VALUES (124, 28, 'similique', 5710, '5515303', 28, '2006-08-09 08:07:48', '1996-08-18 08:31:39');
INSERT INTO `media` (`id`, `user_id`, `filename`, `size`, `metadata`, `media_type_id`, `created_at`, `updated_at`) VALUES (125, 29, 'magni', 31060104, '58874197', 29, '1989-01-26 15:42:37', '2007-05-26 00:08:56');
INSERT INTO `media` (`id`, `user_id`, `filename`, `size`, `metadata`, `media_type_id`, `created_at`, `updated_at`) VALUES (126, 30, 'quam', 833, '2271882', 30, '1977-05-04 02:25:41', '1999-02-03 23:48:55');
INSERT INTO `media` (`id`, `user_id`, `filename`, `size`, `metadata`, `media_type_id`, `created_at`, `updated_at`) VALUES (127, 31, 'eveniet', 8676, '98', 31, '2010-04-30 22:51:47', '1997-09-22 11:13:17');
INSERT INTO `media` (`id`, `user_id`, `filename`, `size`, `metadata`, `media_type_id`, `created_at`, `updated_at`) VALUES (128, 32, 'ut', 639578296, '6', 32, '1973-06-09 15:43:25', '2014-08-20 14:38:02');
INSERT INTO `media` (`id`, `user_id`, `filename`, `size`, `metadata`, `media_type_id`, `created_at`, `updated_at`) VALUES (129, 33, 'impedit', 4, '8', 33, '1999-05-19 08:51:51', '2002-07-20 15:50:45');
INSERT INTO `media` (`id`, `user_id`, `filename`, `size`, `metadata`, `media_type_id`, `created_at`, `updated_at`) VALUES (130, 34, 'et', 7985, '9791914', 34, '2018-10-07 15:31:56', '1981-12-07 01:54:55');
INSERT INTO `media` (`id`, `user_id`, `filename`, `size`, `metadata`, `media_type_id`, `created_at`, `updated_at`) VALUES (131, 35, 'quas', 591691, '836790', 35, '1987-01-12 20:03:22', '2019-04-15 21:57:32');
INSERT INTO `media` (`id`, `user_id`, `filename`, `size`, `metadata`, `media_type_id`, `created_at`, `updated_at`) VALUES (132, 36, 'eveniet', 94149, '8168', 36, '1983-01-27 17:04:01', '1972-07-22 05:32:36');
INSERT INTO `media` (`id`, `user_id`, `filename`, `size`, `metadata`, `media_type_id`, `created_at`, `updated_at`) VALUES (133, 37, 'quis', 2621, '5', 37, '1974-08-31 10:02:06', '2018-07-21 00:39:52');
INSERT INTO `media` (`id`, `user_id`, `filename`, `size`, `metadata`, `media_type_id`, `created_at`, `updated_at`) VALUES (134, 38, 'dolor', 33, '4346', 38, '1991-12-03 15:05:26', '1976-10-05 15:42:40');
INSERT INTO `media` (`id`, `user_id`, `filename`, `size`, `metadata`, `media_type_id`, `created_at`, `updated_at`) VALUES (135, 39, 'ut', 978, '812245', 39, '2007-01-25 23:04:20', '2003-02-17 02:55:05');
INSERT INTO `media` (`id`, `user_id`, `filename`, `size`, `metadata`, `media_type_id`, `created_at`, `updated_at`) VALUES (136, 40, 'aspernatur', 270360468, '9962', 40, '2006-11-04 21:25:48', '2004-09-20 11:48:31');
INSERT INTO `media` (`id`, `user_id`, `filename`, `size`, `metadata`, `media_type_id`, `created_at`, `updated_at`) VALUES (137, 41, 'omnis', 785348999, '8180571', 41, '1985-11-01 20:41:26', '1986-04-26 04:59:37');
INSERT INTO `media` (`id`, `user_id`, `filename`, `size`, `metadata`, `media_type_id`, `created_at`, `updated_at`) VALUES (138, 42, 'exercitationem', 2883069, '73', 42, '2013-03-12 21:02:38', '1986-05-31 18:20:26');
INSERT INTO `media` (`id`, `user_id`, `filename`, `size`, `metadata`, `media_type_id`, `created_at`, `updated_at`) VALUES (139, 43, 'debitis', 7, '441012', 43, '2015-08-13 04:18:00', '2004-05-03 23:30:59');
INSERT INTO `media` (`id`, `user_id`, `filename`, `size`, `metadata`, `media_type_id`, `created_at`, `updated_at`) VALUES (140, 44, 'veritatis', 48, '81622296', 44, '2012-02-22 07:03:05', '2020-04-11 16:08:27');
INSERT INTO `media` (`id`, `user_id`, `filename`, `size`, `metadata`, `media_type_id`, `created_at`, `updated_at`) VALUES (141, 45, 'voluptatem', 54911598, '311', 45, '1982-10-24 19:42:32', '2019-03-15 19:45:41');
INSERT INTO `media` (`id`, `user_id`, `filename`, `size`, `metadata`, `media_type_id`, `created_at`, `updated_at`) VALUES (142, 46, 'repellat', 729, '3', 46, '1981-09-28 01:23:17', '1977-04-07 16:43:09');
INSERT INTO `media` (`id`, `user_id`, `filename`, `size`, `metadata`, `media_type_id`, `created_at`, `updated_at`) VALUES (143, 47, 'dolor', 357991, '8344098', 47, '2014-03-07 11:36:09', '1974-03-19 03:05:00');
INSERT INTO `media` (`id`, `user_id`, `filename`, `size`, `metadata`, `media_type_id`, `created_at`, `updated_at`) VALUES (144, 50, 'tenetur', 1, '80408614', 50, '1987-07-02 02:13:03', '2014-07-08 12:19:41');
INSERT INTO `media` (`id`, `user_id`, `filename`, `size`, `metadata`, `media_type_id`, `created_at`, `updated_at`) VALUES (145, 51, 'qui', 40, '1', 51, '2015-06-23 01:49:37', '2019-11-28 19:58:48');
INSERT INTO `media` (`id`, `user_id`, `filename`, `size`, `metadata`, `media_type_id`, `created_at`, `updated_at`) VALUES (146, 52, 'vel', 33, '460948', 52, '2005-06-17 06:12:18', '2020-07-30 11:59:29');
INSERT INTO `media` (`id`, `user_id`, `filename`, `size`, `metadata`, `media_type_id`, `created_at`, `updated_at`) VALUES (147, 53, 'quo', 973, '300388989', 53, '1972-09-13 18:30:42', '1970-06-04 14:24:45');
INSERT INTO `media` (`id`, `user_id`, `filename`, `size`, `metadata`, `media_type_id`, `created_at`, `updated_at`) VALUES (148, 54, 'et', 5, '39', 54, '1978-02-15 05:54:06', '1987-01-11 05:11:23');
INSERT INTO `media` (`id`, `user_id`, `filename`, `size`, `metadata`, `media_type_id`, `created_at`, `updated_at`) VALUES (149, 55, 'omnis', 10450876, '602', 55, '2010-01-19 01:30:24', '1999-10-10 09:35:01');
INSERT INTO `media` (`id`, `user_id`, `filename`, `size`, `metadata`, `media_type_id`, `created_at`, `updated_at`) VALUES (150, 56, 'veritatis', 25, '607401', 56, '2013-12-27 06:30:19', '1993-05-29 04:03:39');
INSERT INTO `media` (`id`, `user_id`, `filename`, `size`, `metadata`, `media_type_id`, `created_at`, `updated_at`) VALUES (151, 57, 'quo', 80634, '286070', 57, '1981-10-05 20:44:21', '1975-07-21 09:39:14');
INSERT INTO `media` (`id`, `user_id`, `filename`, `size`, `metadata`, `media_type_id`, `created_at`, `updated_at`) VALUES (152, 58, 'quia', 50, '9676', 58, '2006-08-28 12:16:38', '2002-07-21 14:14:12');
INSERT INTO `media` (`id`, `user_id`, `filename`, `size`, `metadata`, `media_type_id`, `created_at`, `updated_at`) VALUES (153, 59, 'veniam', 4434596, '1631705', 59, '1986-12-10 10:49:13', '2015-05-07 14:32:58');
INSERT INTO `media` (`id`, `user_id`, `filename`, `size`, `metadata`, `media_type_id`, `created_at`, `updated_at`) VALUES (154, 62, 'natus', 23, '534322233', 62, '1996-11-24 15:05:08', '2003-10-05 17:47:30');
INSERT INTO `media` (`id`, `user_id`, `filename`, `size`, `metadata`, `media_type_id`, `created_at`, `updated_at`) VALUES (155, 63, 'repudiandae', 5766894, '34357', 63, '1980-02-22 00:33:59', '1974-10-31 02:30:51');
INSERT INTO `media` (`id`, `user_id`, `filename`, `size`, `metadata`, `media_type_id`, `created_at`, `updated_at`) VALUES (156, 65, 'porro', 6559, '79542789', 65, '1987-10-11 00:36:33', '1995-04-27 19:45:15');
INSERT INTO `media` (`id`, `user_id`, `filename`, `size`, `metadata`, `media_type_id`, `created_at`, `updated_at`) VALUES (157, 66, 'quia', 499029, '37177', 66, '1977-03-30 23:36:06', '1992-07-07 04:13:02');
INSERT INTO `media` (`id`, `user_id`, `filename`, `size`, `metadata`, `media_type_id`, `created_at`, `updated_at`) VALUES (158, 67, 'repudiandae', 96196815, '44204285', 67, '1988-05-17 14:25:11', '1971-10-08 01:38:13');
INSERT INTO `media` (`id`, `user_id`, `filename`, `size`, `metadata`, `media_type_id`, `created_at`, `updated_at`) VALUES (159, 68, 'ab', 28707, '257764', 68, '2000-11-04 02:33:08', '1998-12-31 16:45:48');
INSERT INTO `media` (`id`, `user_id`, `filename`, `size`, `metadata`, `media_type_id`, `created_at`, `updated_at`) VALUES (160, 70, 'rem', 1698603, '5070743', 70, '1993-01-09 12:28:51', '1974-01-22 18:52:41');
INSERT INTO `media` (`id`, `user_id`, `filename`, `size`, `metadata`, `media_type_id`, `created_at`, `updated_at`) VALUES (161, 71, 'ex', 45, '59940148', 71, '2017-04-24 00:49:42', '2005-11-13 10:26:22');
INSERT INTO `media` (`id`, `user_id`, `filename`, `size`, `metadata`, `media_type_id`, `created_at`, `updated_at`) VALUES (162, 72, 'sint', 4, '9791973', 72, '1999-10-24 09:43:06', '1978-07-28 12:03:49');
INSERT INTO `media` (`id`, `user_id`, `filename`, `size`, `metadata`, `media_type_id`, `created_at`, `updated_at`) VALUES (163, 73, 'perferendis', 347309, '858', 73, '1979-12-03 22:57:26', '2011-07-10 20:32:33');
INSERT INTO `media` (`id`, `user_id`, `filename`, `size`, `metadata`, `media_type_id`, `created_at`, `updated_at`) VALUES (164, 74, 'error', 84697, '3621', 74, '2003-12-14 11:39:07', '2001-02-25 22:59:41');
INSERT INTO `media` (`id`, `user_id`, `filename`, `size`, `metadata`, `media_type_id`, `created_at`, `updated_at`) VALUES (165, 75, 'quibusdam', 43207361, '6770', 75, '2002-08-20 07:39:54', '2016-02-21 21:47:40');
INSERT INTO `media` (`id`, `user_id`, `filename`, `size`, `metadata`, `media_type_id`, `created_at`, `updated_at`) VALUES (166, 76, 'dolorem', 203, '2', 76, '1987-05-08 12:47:20', '1980-10-01 07:51:25');
INSERT INTO `media` (`id`, `user_id`, `filename`, `size`, `metadata`, `media_type_id`, `created_at`, `updated_at`) VALUES (167, 77, 'laudantium', 71118, '881637', 77, '1975-08-21 08:22:20', '1975-07-18 01:28:26');
INSERT INTO `media` (`id`, `user_id`, `filename`, `size`, `metadata`, `media_type_id`, `created_at`, `updated_at`) VALUES (168, 78, 'dolor', 881783196, '30316741', 78, '1991-11-22 00:20:02', '1997-10-02 08:14:46');
INSERT INTO `media` (`id`, `user_id`, `filename`, `size`, `metadata`, `media_type_id`, `created_at`, `updated_at`) VALUES (169, 79, 'voluptatem', 3603, '636314856', 79, '1997-06-01 21:03:11', '2012-05-08 00:55:37');
INSERT INTO `media` (`id`, `user_id`, `filename`, `size`, `metadata`, `media_type_id`, `created_at`, `updated_at`) VALUES (170, 81, 'sed', 0, '32052', 81, '2010-05-28 19:14:09', '2003-02-09 08:57:49');
INSERT INTO `media` (`id`, `user_id`, `filename`, `size`, `metadata`, `media_type_id`, `created_at`, `updated_at`) VALUES (171, 82, 'mollitia', 432193642, '95924', 82, '1995-11-07 15:42:13', '1999-09-07 20:08:20');
INSERT INTO `media` (`id`, `user_id`, `filename`, `size`, `metadata`, `media_type_id`, `created_at`, `updated_at`) VALUES (172, 83, 'rerum', 835, '717', 83, '1990-07-16 09:38:13', '2013-10-23 19:21:59');
INSERT INTO `media` (`id`, `user_id`, `filename`, `size`, `metadata`, `media_type_id`, `created_at`, `updated_at`) VALUES (173, 84, 'cupiditate', 83546, '8242', 84, '2016-04-19 18:21:41', '1993-03-29 06:52:00');
INSERT INTO `media` (`id`, `user_id`, `filename`, `size`, `metadata`, `media_type_id`, `created_at`, `updated_at`) VALUES (174, 85, 'est', 143, '785549', 85, '2020-08-05 22:53:00', '2002-09-12 15:50:18');
INSERT INTO `media` (`id`, `user_id`, `filename`, `size`, `metadata`, `media_type_id`, `created_at`, `updated_at`) VALUES (175, 86, 'consequuntur', 46198, '645931', 86, '1989-09-07 15:18:31', '1971-07-13 15:48:13');
INSERT INTO `media` (`id`, `user_id`, `filename`, `size`, `metadata`, `media_type_id`, `created_at`, `updated_at`) VALUES (176, 87, 'laborum', 222, '8', 87, '1999-05-07 19:25:10', '2020-11-09 04:34:39');
INSERT INTO `media` (`id`, `user_id`, `filename`, `size`, `metadata`, `media_type_id`, `created_at`, `updated_at`) VALUES (177, 88, 'modi', 0, '333266', 88, '2007-10-17 02:32:34', '2009-11-25 18:26:29');
INSERT INTO `media` (`id`, `user_id`, `filename`, `size`, `metadata`, `media_type_id`, `created_at`, `updated_at`) VALUES (178, 89, 'voluptate', 254, '70958215', 89, '1992-02-16 22:44:49', '2005-12-02 15:08:08');
INSERT INTO `media` (`id`, `user_id`, `filename`, `size`, `metadata`, `media_type_id`, `created_at`, `updated_at`) VALUES (179, 90, 'quia', 6, '7270702', 90, '1992-06-03 02:02:32', '2002-12-15 20:08:19');
INSERT INTO `media` (`id`, `user_id`, `filename`, `size`, `metadata`, `media_type_id`, `created_at`, `updated_at`) VALUES (180, 92, 'adipisci', 690, '51', 92, '2000-11-04 11:55:29', '1984-08-22 18:05:33');
INSERT INTO `media` (`id`, `user_id`, `filename`, `size`, `metadata`, `media_type_id`, `created_at`, `updated_at`) VALUES (181, 94, 'et', 186033329, '49802', 94, '1978-12-07 15:56:45', '2006-09-10 11:55:04');
INSERT INTO `media` (`id`, `user_id`, `filename`, `size`, `metadata`, `media_type_id`, `created_at`, `updated_at`) VALUES (182, 95, 'velit', 5, '2415', 95, '1979-02-17 17:35:12', '2011-05-08 16:53:06');
INSERT INTO `media` (`id`, `user_id`, `filename`, `size`, `metadata`, `media_type_id`, `created_at`, `updated_at`) VALUES (183, 96, 'aut', 6978040, '4', 96, '1991-03-23 16:52:25', '1995-12-01 02:53:01');
INSERT INTO `media` (`id`, `user_id`, `filename`, `size`, `metadata`, `media_type_id`, `created_at`, `updated_at`) VALUES (184, 98, 'facilis', 0, '13', 98, '2017-10-16 16:02:08', '2000-02-24 14:21:01');


#
# TABLE STRUCTURE FOR: media_types
#

DROP TABLE IF EXISTS `media_types`;

CREATE TABLE `media_types` (
  `id` int(10) unsigned NOT NULL AUTO_INCREMENT,
  `name` varchar(255) COLLATE utf8mb4_unicode_ci NOT NULL,
  `created_at` datetime DEFAULT current_timestamp(),
  `updated_at` datetime DEFAULT current_timestamp() ON UPDATE current_timestamp(),
  PRIMARY KEY (`id`),
  UNIQUE KEY `name` (`name`)
) ENGINE=InnoDB AUTO_INCREMENT=101 DEFAULT CHARSET=utf8mb4 COLLATE=utf8mb4_unicode_ci;

INSERT INTO `media_types` (`id`, `name`, `created_at`, `updated_at`) VALUES (1, 'sapiente', '2018-11-06 10:19:48', '1985-06-29 19:30:04');
INSERT INTO `media_types` (`id`, `name`, `created_at`, `updated_at`) VALUES (2, 'provident', '2009-09-20 17:48:10', '2003-10-24 16:03:24');
INSERT INTO `media_types` (`id`, `name`, `created_at`, `updated_at`) VALUES (3, 'et', '1970-05-31 23:13:52', '1976-11-06 17:08:57');
INSERT INTO `media_types` (`id`, `name`, `created_at`, `updated_at`) VALUES (4, 'voluptate', '1987-11-01 21:06:26', '1992-12-29 01:28:17');
INSERT INTO `media_types` (`id`, `name`, `created_at`, `updated_at`) VALUES (5, 'rerum', '2004-04-13 07:58:53', '1982-12-05 18:05:27');
INSERT INTO `media_types` (`id`, `name`, `created_at`, `updated_at`) VALUES (6, 'odio', '2000-10-06 11:50:05', '1992-05-05 14:53:39');
INSERT INTO `media_types` (`id`, `name`, `created_at`, `updated_at`) VALUES (7, 'enim', '1998-12-22 01:54:30', '1977-05-22 13:16:00');
INSERT INTO `media_types` (`id`, `name`, `created_at`, `updated_at`) VALUES (8, 'blanditiis', '2003-04-13 12:50:31', '1996-12-27 23:53:38');
INSERT INTO `media_types` (`id`, `name`, `created_at`, `updated_at`) VALUES (9, 'mollitia', '1972-03-07 09:46:30', '1975-09-05 03:48:49');
INSERT INTO `media_types` (`id`, `name`, `created_at`, `updated_at`) VALUES (10, 'ducimus', '2003-01-03 08:31:46', '2007-07-24 19:10:04');
INSERT INTO `media_types` (`id`, `name`, `created_at`, `updated_at`) VALUES (11, 'sit', '2015-06-20 17:24:35', '1992-03-22 12:41:03');
INSERT INTO `media_types` (`id`, `name`, `created_at`, `updated_at`) VALUES (12, 'fugit', '2021-01-24 22:47:22', '2017-12-09 23:58:55');
INSERT INTO `media_types` (`id`, `name`, `created_at`, `updated_at`) VALUES (13, 'ipsam', '1971-08-04 23:42:58', '2011-07-20 00:38:50');
INSERT INTO `media_types` (`id`, `name`, `created_at`, `updated_at`) VALUES (14, 'at', '1997-02-23 00:53:37', '1978-12-22 14:45:58');
INSERT INTO `media_types` (`id`, `name`, `created_at`, `updated_at`) VALUES (15, 'praesentium', '1971-04-01 22:21:43', '1993-02-12 02:48:28');
INSERT INTO `media_types` (`id`, `name`, `created_at`, `updated_at`) VALUES (16, 'in', '1988-10-23 05:35:31', '1996-12-26 07:57:59');
INSERT INTO `media_types` (`id`, `name`, `created_at`, `updated_at`) VALUES (17, 'eveniet', '2006-09-26 17:43:50', '1997-07-24 16:43:14');
INSERT INTO `media_types` (`id`, `name`, `created_at`, `updated_at`) VALUES (18, 'autem', '2008-11-04 02:28:09', '2019-01-27 18:46:19');
INSERT INTO `media_types` (`id`, `name`, `created_at`, `updated_at`) VALUES (19, 'laboriosam', '2015-12-06 16:10:53', '1983-09-20 07:58:33');
INSERT INTO `media_types` (`id`, `name`, `created_at`, `updated_at`) VALUES (20, 'dolor', '1975-01-26 09:49:59', '2005-02-27 06:37:10');
INSERT INTO `media_types` (`id`, `name`, `created_at`, `updated_at`) VALUES (21, 'atque', '2002-11-02 21:23:58', '2001-11-10 15:55:29');
INSERT INTO `media_types` (`id`, `name`, `created_at`, `updated_at`) VALUES (22, 'voluptatum', '1995-11-28 20:18:23', '1973-12-25 06:18:32');
INSERT INTO `media_types` (`id`, `name`, `created_at`, `updated_at`) VALUES (23, 'eius', '1983-04-06 05:54:08', '2015-04-08 03:05:17');
INSERT INTO `media_types` (`id`, `name`, `created_at`, `updated_at`) VALUES (24, 'laborum', '1983-12-08 03:53:06', '2009-10-16 23:36:13');
INSERT INTO `media_types` (`id`, `name`, `created_at`, `updated_at`) VALUES (25, 'hic', '1985-10-01 05:22:40', '2005-01-09 07:47:28');
INSERT INTO `media_types` (`id`, `name`, `created_at`, `updated_at`) VALUES (26, 'maiores', '1989-07-24 03:36:38', '2018-05-20 22:34:33');
INSERT INTO `media_types` (`id`, `name`, `created_at`, `updated_at`) VALUES (27, 'ipsum', '1970-09-03 21:07:30', '1975-04-14 06:33:15');
INSERT INTO `media_types` (`id`, `name`, `created_at`, `updated_at`) VALUES (28, 'fuga', '2004-04-17 18:42:30', '2009-12-15 20:44:37');
INSERT INTO `media_types` (`id`, `name`, `created_at`, `updated_at`) VALUES (29, 'nulla', '1995-07-31 15:46:30', '1971-04-15 13:02:52');
INSERT INTO `media_types` (`id`, `name`, `created_at`, `updated_at`) VALUES (30, 'quae', '2020-08-24 19:45:50', '1984-06-24 19:22:15');
INSERT INTO `media_types` (`id`, `name`, `created_at`, `updated_at`) VALUES (31, 'ullam', '1991-12-21 22:06:02', '1994-03-22 01:48:42');
INSERT INTO `media_types` (`id`, `name`, `created_at`, `updated_at`) VALUES (32, 'sint', '2005-01-23 05:16:44', '2016-12-14 02:12:56');
INSERT INTO `media_types` (`id`, `name`, `created_at`, `updated_at`) VALUES (33, 'earum', '1983-11-19 22:22:21', '1978-12-08 02:03:00');
INSERT INTO `media_types` (`id`, `name`, `created_at`, `updated_at`) VALUES (34, 'sunt', '1970-12-20 11:41:18', '1974-04-12 11:10:05');
INSERT INTO `media_types` (`id`, `name`, `created_at`, `updated_at`) VALUES (35, 'quasi', '2006-03-23 11:00:00', '1984-03-24 07:26:10');
INSERT INTO `media_types` (`id`, `name`, `created_at`, `updated_at`) VALUES (36, 'reiciendis', '2008-09-04 21:59:29', '1972-07-04 13:04:35');
INSERT INTO `media_types` (`id`, `name`, `created_at`, `updated_at`) VALUES (37, 'non', '2013-06-05 22:34:04', '1987-12-17 06:13:12');
INSERT INTO `media_types` (`id`, `name`, `created_at`, `updated_at`) VALUES (38, 'quas', '1983-07-09 11:54:43', '1999-02-27 11:31:03');
INSERT INTO `media_types` (`id`, `name`, `created_at`, `updated_at`) VALUES (39, 'voluptas', '1987-02-27 10:36:38', '2019-06-25 11:06:11');
INSERT INTO `media_types` (`id`, `name`, `created_at`, `updated_at`) VALUES (40, 'incidunt', '2001-11-12 06:59:49', '2007-01-16 15:17:38');
INSERT INTO `media_types` (`id`, `name`, `created_at`, `updated_at`) VALUES (41, 'cupiditate', '1988-06-08 08:51:56', '1975-11-02 16:44:26');
INSERT INTO `media_types` (`id`, `name`, `created_at`, `updated_at`) VALUES (42, 'tempora', '2005-04-22 12:17:34', '2020-08-16 22:00:49');
INSERT INTO `media_types` (`id`, `name`, `created_at`, `updated_at`) VALUES (43, 'temporibus', '1974-11-01 18:37:42', '2000-10-01 18:50:34');
INSERT INTO `media_types` (`id`, `name`, `created_at`, `updated_at`) VALUES (44, 'quo', '1986-04-13 15:55:27', '1975-03-23 13:11:33');
INSERT INTO `media_types` (`id`, `name`, `created_at`, `updated_at`) VALUES (45, 'nobis', '2007-03-31 13:03:09', '1996-04-21 06:23:03');
INSERT INTO `media_types` (`id`, `name`, `created_at`, `updated_at`) VALUES (46, 'velit', '1978-07-25 13:23:57', '1970-06-08 09:35:09');
INSERT INTO `media_types` (`id`, `name`, `created_at`, `updated_at`) VALUES (47, 'est', '2017-03-25 09:45:28', '1982-09-05 14:51:47');
INSERT INTO `media_types` (`id`, `name`, `created_at`, `updated_at`) VALUES (48, 'repellendus', '2006-10-22 09:22:53', '2019-05-31 06:38:41');
INSERT INTO `media_types` (`id`, `name`, `created_at`, `updated_at`) VALUES (49, 'quia', '2003-05-01 16:04:59', '2013-03-03 16:32:31');
INSERT INTO `media_types` (`id`, `name`, `created_at`, `updated_at`) VALUES (50, 'ex', '1976-12-03 18:00:48', '1992-01-27 10:17:45');
INSERT INTO `media_types` (`id`, `name`, `created_at`, `updated_at`) VALUES (51, 'soluta', '2001-02-26 04:49:01', '1972-10-18 20:13:40');
INSERT INTO `media_types` (`id`, `name`, `created_at`, `updated_at`) VALUES (52, 'optio', '2011-08-30 07:41:35', '1970-10-05 15:01:08');
INSERT INTO `media_types` (`id`, `name`, `created_at`, `updated_at`) VALUES (53, 'architecto', '2003-01-06 20:28:00', '1989-12-14 16:44:02');
INSERT INTO `media_types` (`id`, `name`, `created_at`, `updated_at`) VALUES (54, 'consequatur', '1995-06-09 07:43:25', '2016-11-15 01:35:09');
INSERT INTO `media_types` (`id`, `name`, `created_at`, `updated_at`) VALUES (55, 'nostrum', '2003-05-01 13:21:43', '1986-05-17 14:01:41');
INSERT INTO `media_types` (`id`, `name`, `created_at`, `updated_at`) VALUES (56, 'asperiores', '2018-10-09 20:18:39', '1973-01-09 05:20:54');
INSERT INTO `media_types` (`id`, `name`, `created_at`, `updated_at`) VALUES (57, 'officiis', '1997-10-16 01:03:12', '1988-07-31 05:25:35');
INSERT INTO `media_types` (`id`, `name`, `created_at`, `updated_at`) VALUES (58, 'dolorem', '1991-03-02 16:22:46', '1986-10-21 00:15:24');
INSERT INTO `media_types` (`id`, `name`, `created_at`, `updated_at`) VALUES (59, 'accusantium', '2011-07-14 19:57:31', '2016-12-06 22:23:43');
INSERT INTO `media_types` (`id`, `name`, `created_at`, `updated_at`) VALUES (60, 'eaque', '1993-02-03 09:02:07', '1982-12-26 10:36:50');
INSERT INTO `media_types` (`id`, `name`, `created_at`, `updated_at`) VALUES (61, 'dolore', '2008-02-24 05:43:36', '1984-09-01 15:46:33');
INSERT INTO `media_types` (`id`, `name`, `created_at`, `updated_at`) VALUES (62, 'id', '2018-02-16 11:12:00', '2021-01-02 22:44:31');
INSERT INTO `media_types` (`id`, `name`, `created_at`, `updated_at`) VALUES (63, 'veniam', '1986-01-26 21:01:20', '2017-03-11 03:16:48');
INSERT INTO `media_types` (`id`, `name`, `created_at`, `updated_at`) VALUES (64, 'sed', '1986-04-15 03:05:36', '2019-04-11 15:31:03');
INSERT INTO `media_types` (`id`, `name`, `created_at`, `updated_at`) VALUES (65, 'distinctio', '2005-05-17 02:10:39', '1971-10-03 08:45:18');
INSERT INTO `media_types` (`id`, `name`, `created_at`, `updated_at`) VALUES (66, 'voluptatem', '1982-02-05 06:08:00', '1982-02-12 17:34:04');
INSERT INTO `media_types` (`id`, `name`, `created_at`, `updated_at`) VALUES (67, 'possimus', '1983-02-26 13:36:59', '1974-09-03 22:40:30');
INSERT INTO `media_types` (`id`, `name`, `created_at`, `updated_at`) VALUES (68, 'vero', '2003-02-11 11:31:32', '2011-04-10 08:04:59');
INSERT INTO `media_types` (`id`, `name`, `created_at`, `updated_at`) VALUES (69, 'cum', '1970-03-04 14:38:22', '2012-07-26 11:04:38');
INSERT INTO `media_types` (`id`, `name`, `created_at`, `updated_at`) VALUES (70, 'magnam', '2010-01-11 14:39:34', '2019-10-27 11:00:25');
INSERT INTO `media_types` (`id`, `name`, `created_at`, `updated_at`) VALUES (71, 'tenetur', '2003-09-12 17:16:29', '2015-10-13 17:03:45');
INSERT INTO `media_types` (`id`, `name`, `created_at`, `updated_at`) VALUES (72, 'magni', '2014-05-24 07:52:42', '1997-02-16 06:26:22');
INSERT INTO `media_types` (`id`, `name`, `created_at`, `updated_at`) VALUES (73, 'iusto', '1980-02-03 06:57:21', '1994-02-11 20:02:13');
INSERT INTO `media_types` (`id`, `name`, `created_at`, `updated_at`) VALUES (74, 'vitae', '2004-06-15 15:57:08', '2018-07-28 07:17:38');
INSERT INTO `media_types` (`id`, `name`, `created_at`, `updated_at`) VALUES (75, 'dolores', '1977-08-13 17:13:29', '2019-04-02 12:24:09');
INSERT INTO `media_types` (`id`, `name`, `created_at`, `updated_at`) VALUES (76, 'exercitationem', '1995-07-15 08:49:38', '1990-02-14 20:24:04');
INSERT INTO `media_types` (`id`, `name`, `created_at`, `updated_at`) VALUES (77, 'impedit', '2003-07-12 04:31:41', '2016-08-01 21:08:54');
INSERT INTO `media_types` (`id`, `name`, `created_at`, `updated_at`) VALUES (78, 'nisi', '1977-06-26 23:13:41', '2003-05-02 01:27:14');
INSERT INTO `media_types` (`id`, `name`, `created_at`, `updated_at`) VALUES (79, 'perspiciatis', '1986-12-19 16:58:54', '1982-11-04 23:53:31');
INSERT INTO `media_types` (`id`, `name`, `created_at`, `updated_at`) VALUES (80, 'porro', '2019-04-25 00:08:41', '1984-11-12 16:00:11');
INSERT INTO `media_types` (`id`, `name`, `created_at`, `updated_at`) VALUES (81, 'omnis', '1980-08-11 11:39:28', '1985-06-09 00:19:33');
INSERT INTO `media_types` (`id`, `name`, `created_at`, `updated_at`) VALUES (82, 'commodi', '1985-05-01 15:10:11', '1984-11-17 09:55:18');
INSERT INTO `media_types` (`id`, `name`, `created_at`, `updated_at`) VALUES (83, 'vel', '1983-01-09 02:32:46', '2012-07-01 09:40:57');
INSERT INTO `media_types` (`id`, `name`, `created_at`, `updated_at`) VALUES (84, 'ad', '1991-04-20 04:40:00', '1997-10-16 06:34:01');
INSERT INTO `media_types` (`id`, `name`, `created_at`, `updated_at`) VALUES (85, 'pariatur', '2011-09-05 17:43:04', '2000-11-01 07:37:52');
INSERT INTO `media_types` (`id`, `name`, `created_at`, `updated_at`) VALUES (86, 'tempore', '1999-09-09 19:57:54', '2006-08-09 19:32:24');
INSERT INTO `media_types` (`id`, `name`, `created_at`, `updated_at`) VALUES (87, 'unde', '2006-03-14 05:59:19', '2006-07-11 08:36:28');
INSERT INTO `media_types` (`id`, `name`, `created_at`, `updated_at`) VALUES (88, 'quod', '1994-09-17 08:48:23', '1988-10-19 00:07:31');
INSERT INTO `media_types` (`id`, `name`, `created_at`, `updated_at`) VALUES (89, 'ut', '2018-08-24 23:07:35', '1980-03-11 03:06:43');
INSERT INTO `media_types` (`id`, `name`, `created_at`, `updated_at`) VALUES (90, 'doloribus', '1983-12-31 23:46:53', '2003-10-25 18:51:00');
INSERT INTO `media_types` (`id`, `name`, `created_at`, `updated_at`) VALUES (91, 'aperiam', '2005-07-19 08:34:49', '1970-01-23 16:35:54');
INSERT INTO `media_types` (`id`, `name`, `created_at`, `updated_at`) VALUES (92, 'odit', '1990-09-03 09:11:26', '1973-03-08 23:38:41');
INSERT INTO `media_types` (`id`, `name`, `created_at`, `updated_at`) VALUES (93, 'aut', '1996-02-18 02:28:21', '1982-11-04 03:32:31');
INSERT INTO `media_types` (`id`, `name`, `created_at`, `updated_at`) VALUES (94, 'reprehenderit', '1983-02-05 14:42:17', '1975-04-24 01:10:54');
INSERT INTO `media_types` (`id`, `name`, `created_at`, `updated_at`) VALUES (95, 'voluptatibus', '1991-09-24 19:39:21', '1984-12-12 01:29:52');
INSERT INTO `media_types` (`id`, `name`, `created_at`, `updated_at`) VALUES (96, 'ab', '2002-03-28 15:16:13', '1970-08-25 23:13:42');
INSERT INTO `media_types` (`id`, `name`, `created_at`, `updated_at`) VALUES (97, 'dolorum', '1974-09-24 13:49:18', '1990-10-18 09:39:44');
INSERT INTO `media_types` (`id`, `name`, `created_at`, `updated_at`) VALUES (98, 'ipsa', '1988-06-09 20:19:05', '2009-07-21 20:34:04');
INSERT INTO `media_types` (`id`, `name`, `created_at`, `updated_at`) VALUES (99, 'error', '1974-09-02 07:52:02', '1996-08-29 10:40:38');
INSERT INTO `media_types` (`id`, `name`, `created_at`, `updated_at`) VALUES (100, 'corrupti', '2018-08-19 10:41:25', '2003-10-27 03:22:45');


#
# TABLE STRUCTURE FOR: messages
#

DROP TABLE IF EXISTS `messages`;

CREATE TABLE `messages` (
  `id` int(10) unsigned NOT NULL AUTO_INCREMENT,
  `from_user_id` int(10) unsigned NOT NULL,
  `to_user_id` int(10) unsigned NOT NULL,
  `body` text COLLATE utf8mb4_unicode_ci NOT NULL,
  `is_important` tinyint(1) DEFAULT NULL,
  `is_delivered` tinyint(1) DEFAULT NULL,
  `is_read` tinyint(1) DEFAULT NULL,
  `media_id` int(10) unsigned DEFAULT NULL,
  `created_at` datetime DEFAULT current_timestamp(),
  `updated_at` datetime DEFAULT current_timestamp() ON UPDATE current_timestamp(),
  PRIMARY KEY (`id`)
) ENGINE=InnoDB AUTO_INCREMENT=101 DEFAULT CHARSET=utf8mb4 COLLATE=utf8mb4_unicode_ci;

INSERT INTO `messages` (`id`, `from_user_id`, `to_user_id`, `body`, `is_important`, `is_delivered`, `is_read`, `media_id`, `created_at`, `updated_at`) VALUES (1, 1, 1, 'A vel facere ab consequuntur cum maiores. Qui non natus eos cum. Reprehenderit ullam aut aut placeat quasi ratione.', 0, 0, 1, 101, '2002-08-19 02:35:27', '1982-05-30 03:24:59');
INSERT INTO `messages` (`id`, `from_user_id`, `to_user_id`, `body`, `is_important`, `is_delivered`, `is_read`, `media_id`, `created_at`, `updated_at`) VALUES (2, 2, 2, 'Quae qui accusantium ad et expedita qui voluptas. Inventore esse ipsam molestias odio perspiciatis rerum dolor odio. Vel sed cum reiciendis minima delectus est. Qui soluta quia doloremque.', 0, 0, 0, 102, '1998-10-03 22:42:50', '1981-05-12 02:44:54');
INSERT INTO `messages` (`id`, `from_user_id`, `to_user_id`, `body`, `is_important`, `is_delivered`, `is_read`, `media_id`, `created_at`, `updated_at`) VALUES (3, 3, 3, 'Sint qui perspiciatis sunt harum. Repellendus exercitationem eum qui quos. Voluptas aut aspernatur et consequatur ea. Vel modi ipsa recusandae est ipsam. Deserunt ducimus ut id omnis.', 0, 1, 1, 103, '1986-10-13 09:33:27', '1984-06-10 22:06:55');
INSERT INTO `messages` (`id`, `from_user_id`, `to_user_id`, `body`, `is_important`, `is_delivered`, `is_read`, `media_id`, `created_at`, `updated_at`) VALUES (4, 4, 4, 'Corrupti qui harum consequatur incidunt ipsam laboriosam. Facilis ut quia eligendi amet voluptatem debitis neque.', 0, 0, 0, 104, '2003-12-11 03:19:32', '1994-02-08 15:14:23');
INSERT INTO `messages` (`id`, `from_user_id`, `to_user_id`, `body`, `is_important`, `is_delivered`, `is_read`, `media_id`, `created_at`, `updated_at`) VALUES (5, 5, 5, 'Quidem tempore vitae aut quaerat facilis delectus. Voluptatem dolorum nulla quo excepturi qui. Eum veniam reiciendis a in exercitationem facere itaque et. Rerum dolor omnis enim tempora voluptatem dolores.', 0, 1, 0, 105, '2014-04-10 23:30:33', '1997-01-04 04:47:14');
INSERT INTO `messages` (`id`, `from_user_id`, `to_user_id`, `body`, `is_important`, `is_delivered`, `is_read`, `media_id`, `created_at`, `updated_at`) VALUES (6, 6, 6, 'Quo et explicabo et maxime fugiat aut voluptas. Cumque beatae itaque possimus ex. Vel soluta voluptatem corporis reprehenderit officiis tempora. Unde sit doloribus quia.', 1, 0, 0, 106, '2007-07-27 01:52:43', '2002-08-01 20:20:09');
INSERT INTO `messages` (`id`, `from_user_id`, `to_user_id`, `body`, `is_important`, `is_delivered`, `is_read`, `media_id`, `created_at`, `updated_at`) VALUES (7, 7, 7, 'Harum optio dignissimos qui fugiat quis omnis. Mollitia est non ut aut odio ducimus dolor qui. Enim aut eum in veniam. Aut debitis quo dolores recusandae voluptas unde.', 0, 1, 0, 107, '2011-02-09 16:34:34', '1998-12-06 06:45:01');
INSERT INTO `messages` (`id`, `from_user_id`, `to_user_id`, `body`, `is_important`, `is_delivered`, `is_read`, `media_id`, `created_at`, `updated_at`) VALUES (8, 8, 8, 'Officiis ea magni delectus doloribus numquam error. Quis neque rerum voluptatem unde. Delectus alias consequatur ea dolore. At eos nesciunt ipsa culpa eos est.', 1, 1, 0, 108, '2004-04-19 14:01:13', '1994-05-05 21:18:09');
INSERT INTO `messages` (`id`, `from_user_id`, `to_user_id`, `body`, `is_important`, `is_delivered`, `is_read`, `media_id`, `created_at`, `updated_at`) VALUES (9, 9, 9, 'Aliquid earum sit voluptatem itaque. Voluptas quia quia error repellendus mollitia. Error rerum enim ut vero repellat similique nobis. Ut quae veniam vero quos.', 1, 1, 1, 109, '1976-02-24 21:51:33', '1996-08-27 07:12:25');
INSERT INTO `messages` (`id`, `from_user_id`, `to_user_id`, `body`, `is_important`, `is_delivered`, `is_read`, `media_id`, `created_at`, `updated_at`) VALUES (10, 10, 10, 'Iste explicabo perspiciatis quia inventore sequi fugit. Libero dolorum aut id ullam. Nulla perferendis fuga temporibus culpa ut consequatur a. Labore sint illum voluptatum consequatur explicabo.', 1, 1, 1, 110, '1993-09-12 09:22:45', '2017-08-27 10:55:39');
INSERT INTO `messages` (`id`, `from_user_id`, `to_user_id`, `body`, `is_important`, `is_delivered`, `is_read`, `media_id`, `created_at`, `updated_at`) VALUES (11, 11, 11, 'Reiciendis ut sint ea sunt aut praesentium. Eos dolor qui perspiciatis ratione est molestiae. Omnis soluta ullam itaque a facere. Sapiente saepe sunt voluptas.', 0, 0, 1, 111, '2016-07-01 00:44:36', '2001-06-06 02:33:41');
INSERT INTO `messages` (`id`, `from_user_id`, `to_user_id`, `body`, `is_important`, `is_delivered`, `is_read`, `media_id`, `created_at`, `updated_at`) VALUES (12, 12, 12, 'Provident est sequi voluptatibus quia voluptatem. Velit ipsum odio saepe dolorum. Sed nihil qui dolores consequatur dolorum veritatis numquam. Corporis et dolor voluptate molestias error. Natus unde dolor quia totam ipsum.', 1, 1, 1, 112, '1996-03-12 17:51:18', '2019-07-07 11:52:22');
INSERT INTO `messages` (`id`, `from_user_id`, `to_user_id`, `body`, `is_important`, `is_delivered`, `is_read`, `media_id`, `created_at`, `updated_at`) VALUES (13, 13, 13, 'Voluptatem impedit perferendis et sit fuga. Odio ipsam autem voluptas temporibus. Vero officiis sint quae quaerat eius impedit magni. Consequatur ducimus incidunt laboriosam repudiandae enim velit vel.', 1, 0, 0, 113, '2006-05-16 12:06:05', '2006-12-15 18:13:46');
INSERT INTO `messages` (`id`, `from_user_id`, `to_user_id`, `body`, `is_important`, `is_delivered`, `is_read`, `media_id`, `created_at`, `updated_at`) VALUES (14, 14, 14, 'Eos maxime ab dolores non voluptate quo iusto. Neque at voluptatem dignissimos id placeat. Amet quibusdam facere ab quia fuga non. Ullam laboriosam sit eveniet quas in voluptas.', 1, 1, 1, 114, '1998-04-25 04:18:20', '2004-08-28 10:31:57');
INSERT INTO `messages` (`id`, `from_user_id`, `to_user_id`, `body`, `is_important`, `is_delivered`, `is_read`, `media_id`, `created_at`, `updated_at`) VALUES (15, 15, 15, 'Ut optio eum repudiandae non. Qui eveniet in ut. Veniam explicabo aut eum in.', 1, 1, 1, 115, '1993-12-21 00:54:48', '1993-01-06 16:37:50');
INSERT INTO `messages` (`id`, `from_user_id`, `to_user_id`, `body`, `is_important`, `is_delivered`, `is_read`, `media_id`, `created_at`, `updated_at`) VALUES (16, 16, 16, 'Vero et praesentium qui ab qui qui consequatur. Et omnis est est odio.', 1, 0, 0, 116, '1972-05-18 10:52:00', '1970-10-07 05:42:29');
INSERT INTO `messages` (`id`, `from_user_id`, `to_user_id`, `body`, `is_important`, `is_delivered`, `is_read`, `media_id`, `created_at`, `updated_at`) VALUES (17, 17, 17, 'Et voluptatem ipsam ut non quasi occaecati aut. Impedit sed ut voluptas ea fugiat veniam. A enim est necessitatibus perspiciatis.', 1, 1, 0, 117, '1994-09-01 19:05:05', '2003-08-13 15:43:46');
INSERT INTO `messages` (`id`, `from_user_id`, `to_user_id`, `body`, `is_important`, `is_delivered`, `is_read`, `media_id`, `created_at`, `updated_at`) VALUES (18, 18, 18, 'Sint voluptas minima ut saepe omnis incidunt quia. Qui qui non velit eos laudantium ut. Aperiam magnam nemo maxime omnis. Id et consequuntur aut dicta quis.', 0, 0, 0, 118, '2005-10-31 13:51:45', '1984-11-01 00:33:35');
INSERT INTO `messages` (`id`, `from_user_id`, `to_user_id`, `body`, `is_important`, `is_delivered`, `is_read`, `media_id`, `created_at`, `updated_at`) VALUES (19, 19, 19, 'Adipisci et sed quo. Culpa harum eius voluptatem sapiente est cum. Et sed porro vel deleniti. Reprehenderit exercitationem perspiciatis possimus dolorem et officia est.', 0, 1, 1, 119, '1977-08-15 05:44:57', '1993-08-25 11:17:23');
INSERT INTO `messages` (`id`, `from_user_id`, `to_user_id`, `body`, `is_important`, `is_delivered`, `is_read`, `media_id`, `created_at`, `updated_at`) VALUES (20, 20, 20, 'Voluptatem est saepe doloremque numquam et. Id rerum illo maiores. Vitae ut quis aut soluta amet beatae. Impedit aliquid eum nam nobis. Quidem dolore et quasi sed alias tempore.', 1, 0, 1, 120, '1984-06-19 00:48:32', '1988-06-07 12:25:39');
INSERT INTO `messages` (`id`, `from_user_id`, `to_user_id`, `body`, `is_important`, `is_delivered`, `is_read`, `media_id`, `created_at`, `updated_at`) VALUES (21, 21, 21, 'Eaque repudiandae consectetur reprehenderit sint. Cum fugiat eius modi consequatur cum doloribus quas. Hic voluptate voluptates sed suscipit veniam neque quia similique.', 1, 1, 0, 121, '1997-05-17 20:55:24', '2006-03-15 16:30:58');
INSERT INTO `messages` (`id`, `from_user_id`, `to_user_id`, `body`, `is_important`, `is_delivered`, `is_read`, `media_id`, `created_at`, `updated_at`) VALUES (22, 22, 22, 'Et reiciendis error consequatur qui quasi. Ut eos explicabo quasi laudantium rerum maxime. Velit debitis adipisci architecto corporis cum id. Illo laudantium quia numquam sed non aliquam.', 1, 0, 1, 122, '2003-06-08 05:04:54', '1992-02-10 18:57:38');
INSERT INTO `messages` (`id`, `from_user_id`, `to_user_id`, `body`, `is_important`, `is_delivered`, `is_read`, `media_id`, `created_at`, `updated_at`) VALUES (23, 23, 23, 'Eos cum incidunt minus est et quae minus. Asperiores quidem repellendus dolorem eligendi sed nam mollitia tenetur. Id hic voluptas delectus temporibus aut quia dicta.', 0, 0, 0, 123, '1982-12-08 22:09:23', '1986-02-10 10:43:49');
INSERT INTO `messages` (`id`, `from_user_id`, `to_user_id`, `body`, `is_important`, `is_delivered`, `is_read`, `media_id`, `created_at`, `updated_at`) VALUES (24, 24, 24, 'Recusandae distinctio eos dolore aut et doloremque nihil. Accusamus numquam autem aliquid autem ab. Libero perferendis aliquam vel vel et. Porro labore eligendi optio accusantium dignissimos molestiae.', 1, 1, 0, 124, '2011-02-17 20:36:18', '1980-11-30 14:56:11');
INSERT INTO `messages` (`id`, `from_user_id`, `to_user_id`, `body`, `is_important`, `is_delivered`, `is_read`, `media_id`, `created_at`, `updated_at`) VALUES (25, 25, 25, 'Enim non tempora quis est. Dignissimos et expedita neque maiores commodi ut.', 0, 1, 0, 125, '2021-05-13 17:44:02', '1998-08-22 04:17:47');
INSERT INTO `messages` (`id`, `from_user_id`, `to_user_id`, `body`, `is_important`, `is_delivered`, `is_read`, `media_id`, `created_at`, `updated_at`) VALUES (26, 26, 26, 'Atque quas minima rerum incidunt iure et et. Aliquam molestiae aliquam in rerum laboriosam sit. Ullam mollitia dolorem velit aspernatur repellendus.', 1, 0, 1, 126, '1974-03-03 12:17:26', '2002-03-27 09:53:15');
INSERT INTO `messages` (`id`, `from_user_id`, `to_user_id`, `body`, `is_important`, `is_delivered`, `is_read`, `media_id`, `created_at`, `updated_at`) VALUES (27, 27, 27, 'Aliquid reiciendis et architecto enim maxime ad aut quis. Et eum animi numquam quia aperiam. Facere aut sed cum corporis quam. In consequatur sed quidem maxime quos necessitatibus accusantium officiis.', 0, 0, 1, 127, '1990-10-06 00:51:20', '2002-02-01 17:51:04');
INSERT INTO `messages` (`id`, `from_user_id`, `to_user_id`, `body`, `is_important`, `is_delivered`, `is_read`, `media_id`, `created_at`, `updated_at`) VALUES (28, 28, 28, 'Qui veniam laborum reprehenderit sed cupiditate dolor. Quis minima consequatur alias et non est. Laudantium quasi voluptatibus sunt dolore ipsam. Alias unde iusto corrupti asperiores.', 1, 0, 1, 128, '1973-06-21 16:39:28', '1981-11-24 07:03:15');
INSERT INTO `messages` (`id`, `from_user_id`, `to_user_id`, `body`, `is_important`, `is_delivered`, `is_read`, `media_id`, `created_at`, `updated_at`) VALUES (29, 29, 29, 'Fugit ipsa velit ducimus facere qui ut. Est natus deleniti similique ipsa sit. Et natus nostrum quos aut.', 0, 1, 1, 129, '1973-05-27 13:19:08', '1973-01-01 20:34:26');
INSERT INTO `messages` (`id`, `from_user_id`, `to_user_id`, `body`, `is_important`, `is_delivered`, `is_read`, `media_id`, `created_at`, `updated_at`) VALUES (30, 30, 30, 'Voluptas ratione maxime et voluptatem facere. Illo sapiente a qui voluptates autem delectus distinctio. Aliquid quia rerum odio non totam numquam.', 0, 1, 1, 130, '1972-07-28 15:05:19', '1975-01-22 12:27:18');
INSERT INTO `messages` (`id`, `from_user_id`, `to_user_id`, `body`, `is_important`, `is_delivered`, `is_read`, `media_id`, `created_at`, `updated_at`) VALUES (31, 31, 31, 'Et ea ut aut quia. Sit ex vel eos velit rerum excepturi. Laborum ipsa eligendi dolorum esse quibusdam voluptatem est.', 1, 1, 0, 131, '2000-05-18 19:13:35', '1990-09-23 13:35:30');
INSERT INTO `messages` (`id`, `from_user_id`, `to_user_id`, `body`, `is_important`, `is_delivered`, `is_read`, `media_id`, `created_at`, `updated_at`) VALUES (32, 32, 32, 'Facilis velit unde officia qui. Voluptas et quo blanditiis consequatur minus. Hic omnis quae est eum velit.', 0, 1, 0, 132, '1997-01-08 07:29:37', '1989-03-25 23:04:18');
INSERT INTO `messages` (`id`, `from_user_id`, `to_user_id`, `body`, `is_important`, `is_delivered`, `is_read`, `media_id`, `created_at`, `updated_at`) VALUES (33, 33, 33, 'Adipisci alias placeat sint quos. Accusantium cupiditate velit possimus. Quas est quae explicabo reiciendis tempore. Fuga rem commodi earum incidunt quidem voluptas quae.', 1, 1, 1, 133, '1981-03-06 23:43:01', '2005-05-07 01:59:12');
INSERT INTO `messages` (`id`, `from_user_id`, `to_user_id`, `body`, `is_important`, `is_delivered`, `is_read`, `media_id`, `created_at`, `updated_at`) VALUES (34, 34, 34, 'Eum commodi quasi eos. Perspiciatis animi minima ducimus quia sequi recusandae. Voluptates voluptatem quia aliquam eum nobis. Ut facilis non voluptatem voluptatem voluptas et. Consequatur aut repudiandae provident totam quam.', 1, 0, 1, 134, '1989-07-19 22:05:34', '1979-01-06 22:31:14');
INSERT INTO `messages` (`id`, `from_user_id`, `to_user_id`, `body`, `is_important`, `is_delivered`, `is_read`, `media_id`, `created_at`, `updated_at`) VALUES (35, 35, 35, 'Nostrum voluptate ipsum soluta id. At autem molestiae exercitationem consequatur accusantium. Est sed sed nam facilis sequi.', 1, 1, 1, 135, '1999-06-20 09:06:29', '1989-03-05 19:57:38');
INSERT INTO `messages` (`id`, `from_user_id`, `to_user_id`, `body`, `is_important`, `is_delivered`, `is_read`, `media_id`, `created_at`, `updated_at`) VALUES (36, 36, 36, 'Quisquam vel quos aperiam quam et. Placeat omnis magni voluptatibus vel ut. Adipisci facere et inventore quos cumque qui.', 0, 1, 1, 136, '2016-06-13 22:53:44', '2011-09-05 00:05:35');
INSERT INTO `messages` (`id`, `from_user_id`, `to_user_id`, `body`, `is_important`, `is_delivered`, `is_read`, `media_id`, `created_at`, `updated_at`) VALUES (37, 37, 37, 'Ipsa doloremque magnam illum repudiandae aut. Sed saepe natus id et enim facere quisquam. Qui voluptatem cupiditate corrupti neque et sit. Sit dolorem repellat illum nisi sapiente.', 1, 1, 1, 137, '1971-04-11 18:36:49', '2014-05-05 00:33:50');
INSERT INTO `messages` (`id`, `from_user_id`, `to_user_id`, `body`, `is_important`, `is_delivered`, `is_read`, `media_id`, `created_at`, `updated_at`) VALUES (38, 38, 38, 'Accusantium nihil et dolores commodi recusandae. Impedit necessitatibus pariatur aliquam quas optio ipsum. Sed ipsa perferendis eum eaque sapiente.', 0, 1, 1, 138, '2010-08-05 23:39:15', '1986-03-26 19:42:23');
INSERT INTO `messages` (`id`, `from_user_id`, `to_user_id`, `body`, `is_important`, `is_delivered`, `is_read`, `media_id`, `created_at`, `updated_at`) VALUES (39, 39, 39, 'Eum dicta temporibus quasi eligendi eaque. Neque quo velit molestiae. Rem non debitis quisquam aut tenetur deleniti. Quia placeat recusandae enim molestias qui omnis.', 1, 1, 1, 139, '1989-12-02 01:44:27', '1999-06-13 13:26:08');
INSERT INTO `messages` (`id`, `from_user_id`, `to_user_id`, `body`, `is_important`, `is_delivered`, `is_read`, `media_id`, `created_at`, `updated_at`) VALUES (40, 40, 40, 'Aspernatur natus nesciunt iure facilis magnam nam aliquid. Qui id et ipsam quia. Officiis dolorem sed repellendus commodi harum et.', 0, 1, 1, 140, '2000-11-19 07:23:41', '1986-07-23 02:50:05');
INSERT INTO `messages` (`id`, `from_user_id`, `to_user_id`, `body`, `is_important`, `is_delivered`, `is_read`, `media_id`, `created_at`, `updated_at`) VALUES (41, 41, 41, 'Totam cupiditate aut suscipit dicta ut. Quo totam autem quam officia aut excepturi quaerat. Vero dolorem praesentium nostrum.', 1, 0, 0, 141, '1974-03-04 16:37:47', '1974-08-22 01:29:11');
INSERT INTO `messages` (`id`, `from_user_id`, `to_user_id`, `body`, `is_important`, `is_delivered`, `is_read`, `media_id`, `created_at`, `updated_at`) VALUES (42, 42, 42, 'Nostrum ipsam provident ea occaecati minus et. At cupiditate ipsam accusantium reprehenderit numquam. Libero qui illum amet quibusdam et.', 0, 0, 1, 142, '1996-09-10 03:31:33', '2000-05-09 00:08:16');
INSERT INTO `messages` (`id`, `from_user_id`, `to_user_id`, `body`, `is_important`, `is_delivered`, `is_read`, `media_id`, `created_at`, `updated_at`) VALUES (43, 43, 43, 'Exercitationem odio consequatur deserunt atque. Voluptatem officia et autem vero facilis.', 0, 0, 0, 143, '1970-08-09 13:47:30', '1973-09-16 05:32:27');
INSERT INTO `messages` (`id`, `from_user_id`, `to_user_id`, `body`, `is_important`, `is_delivered`, `is_read`, `media_id`, `created_at`, `updated_at`) VALUES (44, 44, 44, 'Cum quod est aliquam non et. Sit tenetur autem dolorem doloribus maxime maiores qui. Corporis commodi rem ut.', 0, 1, 1, 144, '1977-01-27 16:19:32', '2007-01-15 11:09:16');
INSERT INTO `messages` (`id`, `from_user_id`, `to_user_id`, `body`, `is_important`, `is_delivered`, `is_read`, `media_id`, `created_at`, `updated_at`) VALUES (45, 45, 45, 'Explicabo molestias commodi minus. Autem quaerat cupiditate odit placeat enim voluptatum. In deserunt quas est laboriosam.', 1, 1, 0, 145, '1977-11-18 05:44:43', '1976-09-13 17:44:49');
INSERT INTO `messages` (`id`, `from_user_id`, `to_user_id`, `body`, `is_important`, `is_delivered`, `is_read`, `media_id`, `created_at`, `updated_at`) VALUES (46, 46, 46, 'Tempora et eligendi officiis vel ut. Exercitationem reprehenderit iure quia soluta neque nam magni cum. Sapiente sed occaecati quia. Provident vel molestiae commodi eveniet numquam quasi.', 0, 0, 0, 146, '1980-09-30 07:22:37', '1990-01-23 06:23:03');
INSERT INTO `messages` (`id`, `from_user_id`, `to_user_id`, `body`, `is_important`, `is_delivered`, `is_read`, `media_id`, `created_at`, `updated_at`) VALUES (47, 47, 47, 'Eos suscipit voluptates nobis quia reprehenderit. Cum dicta officia corporis dolore officiis at. Vel quibusdam veniam sint maxime. Quo neque saepe ratione et esse.', 0, 0, 1, 147, '1976-08-06 04:42:09', '1997-11-15 21:32:00');
INSERT INTO `messages` (`id`, `from_user_id`, `to_user_id`, `body`, `is_important`, `is_delivered`, `is_read`, `media_id`, `created_at`, `updated_at`) VALUES (48, 48, 48, 'Labore quasi ut provident voluptas qui voluptatem. Blanditiis temporibus recusandae ut veritatis rerum. Blanditiis aut beatae repellat ut sint ut. Numquam facilis quisquam rerum beatae velit veniam est. Et velit id explicabo in id reprehenderit.', 0, 1, 0, 148, '2000-08-03 19:12:22', '2000-12-25 21:48:21');
INSERT INTO `messages` (`id`, `from_user_id`, `to_user_id`, `body`, `is_important`, `is_delivered`, `is_read`, `media_id`, `created_at`, `updated_at`) VALUES (49, 49, 49, 'Aut molestiae debitis harum ea cupiditate aliquid fuga. Ullam quo qui corporis minima consequatur ut. Ut saepe illum autem autem blanditiis voluptatum aut. Quia quam iure sed laborum praesentium molestias atque rem.', 1, 0, 1, 149, '1997-05-26 18:45:10', '2019-03-05 07:09:46');
INSERT INTO `messages` (`id`, `from_user_id`, `to_user_id`, `body`, `is_important`, `is_delivered`, `is_read`, `media_id`, `created_at`, `updated_at`) VALUES (50, 50, 50, 'Veniam commodi tenetur et. Eveniet rerum autem nihil expedita. Ut excepturi fugiat nam numquam iure aperiam consequatur. Autem qui optio sit vel.', 0, 1, 0, 150, '1986-08-02 21:14:11', '2009-05-07 22:08:37');
INSERT INTO `messages` (`id`, `from_user_id`, `to_user_id`, `body`, `is_important`, `is_delivered`, `is_read`, `media_id`, `created_at`, `updated_at`) VALUES (51, 51, 51, 'Accusamus voluptatem qui est veritatis harum non similique dolorem. Cupiditate voluptas molestiae molestiae voluptas autem. Architecto nostrum suscipit eaque excepturi quia id voluptatem.', 1, 1, 1, 151, '1988-05-02 05:27:30', '1990-02-14 21:06:01');
INSERT INTO `messages` (`id`, `from_user_id`, `to_user_id`, `body`, `is_important`, `is_delivered`, `is_read`, `media_id`, `created_at`, `updated_at`) VALUES (52, 52, 52, 'Enim excepturi omnis assumenda inventore repudiandae fuga. Voluptatibus veniam modi rerum dolorum non ipsum. Consequuntur neque voluptatibus quia est doloribus cupiditate. Molestias voluptas eos consectetur tenetur doloribus exercitationem dolorum adipisci.', 0, 0, 1, 152, '2012-11-17 08:48:30', '1996-09-18 12:18:24');
INSERT INTO `messages` (`id`, `from_user_id`, `to_user_id`, `body`, `is_important`, `is_delivered`, `is_read`, `media_id`, `created_at`, `updated_at`) VALUES (53, 53, 53, 'Temporibus ipsa eligendi omnis dolorem dolore voluptates autem. Laborum dolor fugiat atque veritatis sunt. Pariatur eaque ut reiciendis itaque exercitationem accusantium fugit neque.', 0, 0, 1, 153, '2010-09-28 08:51:28', '1991-07-19 09:34:45');
INSERT INTO `messages` (`id`, `from_user_id`, `to_user_id`, `body`, `is_important`, `is_delivered`, `is_read`, `media_id`, `created_at`, `updated_at`) VALUES (54, 54, 54, 'Iste temporibus facilis accusantium quas vitae. Voluptas non reprehenderit repellat aliquam est consequatur qui. Quod sit quisquam neque eum. Ex dolorum eum natus non quae id.', 0, 1, 1, 154, '2002-01-08 18:18:37', '1982-11-18 19:34:59');
INSERT INTO `messages` (`id`, `from_user_id`, `to_user_id`, `body`, `is_important`, `is_delivered`, `is_read`, `media_id`, `created_at`, `updated_at`) VALUES (55, 55, 55, 'Omnis rem velit et ducimus. Et maiores enim consequatur perferendis ut nostrum. Incidunt itaque illo tempora. Nam laudantium rerum voluptatem maiores porro id.', 0, 0, 0, 155, '1976-09-18 00:12:02', '2008-03-12 19:16:06');
INSERT INTO `messages` (`id`, `from_user_id`, `to_user_id`, `body`, `is_important`, `is_delivered`, `is_read`, `media_id`, `created_at`, `updated_at`) VALUES (56, 56, 56, 'Qui magnam tenetur ut accusantium in quo rem. Molestias quo et quo beatae. Velit mollitia ea sapiente nesciunt. Velit aut provident et dolor possimus.', 1, 1, 0, 156, '1972-11-26 00:59:08', '2009-01-17 05:54:33');
INSERT INTO `messages` (`id`, `from_user_id`, `to_user_id`, `body`, `is_important`, `is_delivered`, `is_read`, `media_id`, `created_at`, `updated_at`) VALUES (57, 57, 57, 'Explicabo omnis illum voluptatibus natus debitis. Accusantium sapiente enim fuga. Autem saepe et debitis eum error non ad. Cumque iure vitae ut omnis error illum.', 1, 0, 0, 157, '1977-02-10 18:47:08', '1986-11-04 09:42:39');
INSERT INTO `messages` (`id`, `from_user_id`, `to_user_id`, `body`, `is_important`, `is_delivered`, `is_read`, `media_id`, `created_at`, `updated_at`) VALUES (58, 58, 58, 'Voluptas qui consequatur vitae nihil sunt sit. Ut aut ut necessitatibus at. Sed aut debitis sapiente voluptatibus ut et quos.', 1, 0, 1, 158, '2012-10-17 07:36:48', '2000-01-01 05:51:52');
INSERT INTO `messages` (`id`, `from_user_id`, `to_user_id`, `body`, `is_important`, `is_delivered`, `is_read`, `media_id`, `created_at`, `updated_at`) VALUES (59, 59, 59, 'Consequatur ea voluptatem adipisci. Labore non consectetur quia. Corporis sint laborum voluptatum est ipsum exercitationem. Omnis recusandae voluptatum ipsum expedita ex omnis.', 0, 1, 1, 159, '2015-01-16 05:41:00', '2013-05-22 09:12:05');
INSERT INTO `messages` (`id`, `from_user_id`, `to_user_id`, `body`, `is_important`, `is_delivered`, `is_read`, `media_id`, `created_at`, `updated_at`) VALUES (60, 60, 60, 'Sunt architecto nam dolores labore nulla amet quod. Voluptates dolorum animi sunt consequuntur laboriosam. Fugiat quisquam velit debitis quis neque enim. Culpa rem molestiae in quidem fuga.', 0, 1, 0, 160, '1971-08-02 08:26:07', '1987-06-27 20:58:21');
INSERT INTO `messages` (`id`, `from_user_id`, `to_user_id`, `body`, `is_important`, `is_delivered`, `is_read`, `media_id`, `created_at`, `updated_at`) VALUES (61, 61, 61, 'Velit laboriosam hic ut nihil voluptatem. Quae id dignissimos autem minima quasi dolorem tempora. Eius quod officia pariatur id et nostrum.', 1, 1, 1, 161, '2019-02-12 17:24:17', '1986-10-05 10:09:17');
INSERT INTO `messages` (`id`, `from_user_id`, `to_user_id`, `body`, `is_important`, `is_delivered`, `is_read`, `media_id`, `created_at`, `updated_at`) VALUES (62, 62, 62, 'Consequatur autem ab natus iure et beatae. Mollitia id quaerat ut recusandae corporis impedit temporibus nam. Ipsa ut est voluptas fuga fuga iste impedit.', 1, 1, 1, 162, '1976-01-26 08:38:27', '1984-03-15 08:26:18');
INSERT INTO `messages` (`id`, `from_user_id`, `to_user_id`, `body`, `is_important`, `is_delivered`, `is_read`, `media_id`, `created_at`, `updated_at`) VALUES (63, 63, 63, 'Ea voluptatem quia nihil. Voluptatibus ut velit illum quia exercitationem modi aut ipsum. Magni eos placeat eos quia architecto. Rerum aut culpa maiores ducimus.', 1, 1, 1, 163, '1990-12-05 12:02:57', '2005-03-13 19:07:14');
INSERT INTO `messages` (`id`, `from_user_id`, `to_user_id`, `body`, `is_important`, `is_delivered`, `is_read`, `media_id`, `created_at`, `updated_at`) VALUES (64, 64, 64, 'Doloremque omnis reiciendis adipisci adipisci officia eaque quia voluptates. Officiis maxime et sapiente. Esse et consequatur possimus sit qui. Asperiores enim iusto illo atque nemo pariatur aperiam.', 0, 0, 1, 164, '1986-07-06 19:15:02', '2005-08-07 13:16:55');
INSERT INTO `messages` (`id`, `from_user_id`, `to_user_id`, `body`, `is_important`, `is_delivered`, `is_read`, `media_id`, `created_at`, `updated_at`) VALUES (65, 65, 65, 'Necessitatibus enim eos non et ducimus possimus. Quae consequuntur modi unde sunt. Excepturi commodi est quasi cupiditate ad eaque provident ut. Ut atque repellat in repellendus deserunt ut praesentium doloremque.', 1, 1, 1, 165, '1988-04-01 05:23:09', '2018-04-17 17:16:15');
INSERT INTO `messages` (`id`, `from_user_id`, `to_user_id`, `body`, `is_important`, `is_delivered`, `is_read`, `media_id`, `created_at`, `updated_at`) VALUES (66, 66, 66, 'Saepe libero voluptas quia quam assumenda occaecati tempore velit. Corrupti voluptatum et fuga qui. Enim occaecati dolorem consequatur ut.', 0, 0, 1, 166, '1976-03-02 07:20:43', '1971-08-10 08:13:57');
INSERT INTO `messages` (`id`, `from_user_id`, `to_user_id`, `body`, `is_important`, `is_delivered`, `is_read`, `media_id`, `created_at`, `updated_at`) VALUES (67, 67, 67, 'Culpa unde explicabo laborum. Amet cum consequatur dolores.', 0, 0, 0, 167, '2017-06-24 12:50:21', '1982-11-02 22:44:04');
INSERT INTO `messages` (`id`, `from_user_id`, `to_user_id`, `body`, `is_important`, `is_delivered`, `is_read`, `media_id`, `created_at`, `updated_at`) VALUES (68, 68, 68, 'A dolores atque exercitationem pariatur rerum quia possimus nam. Officiis beatae aut necessitatibus ad et. Dolor fuga ipsum magnam dolores dolorum.', 1, 1, 1, 168, '2018-12-05 06:01:01', '1986-10-31 13:08:49');
INSERT INTO `messages` (`id`, `from_user_id`, `to_user_id`, `body`, `is_important`, `is_delivered`, `is_read`, `media_id`, `created_at`, `updated_at`) VALUES (69, 69, 69, 'Nesciunt vel placeat illo. Non voluptatum ipsum ut dolor debitis maxime beatae eum. Repellendus molestiae asperiores dolorem et occaecati laboriosam.', 1, 0, 1, 169, '2007-05-21 08:44:05', '1995-10-21 21:41:31');
INSERT INTO `messages` (`id`, `from_user_id`, `to_user_id`, `body`, `is_important`, `is_delivered`, `is_read`, `media_id`, `created_at`, `updated_at`) VALUES (70, 70, 70, 'Voluptatem odio tempora quam. Tempore earum aut aut et et distinctio. Vitae quibusdam maiores dolorum magnam quos facilis illum vero. Aliquam debitis rerum temporibus incidunt.', 0, 1, 1, 170, '2021-03-19 08:18:53', '2016-05-30 17:01:56');
INSERT INTO `messages` (`id`, `from_user_id`, `to_user_id`, `body`, `is_important`, `is_delivered`, `is_read`, `media_id`, `created_at`, `updated_at`) VALUES (71, 71, 71, 'Dolores et molestiae sint eum eum inventore placeat. Placeat laudantium nihil impedit et voluptate esse ut. Consequatur eum earum laudantium laudantium fugit voluptas.', 0, 0, 1, 171, '2007-03-16 17:45:12', '1981-11-04 09:13:00');
INSERT INTO `messages` (`id`, `from_user_id`, `to_user_id`, `body`, `is_important`, `is_delivered`, `is_read`, `media_id`, `created_at`, `updated_at`) VALUES (72, 72, 72, 'Recusandae magnam ex vero. Quam architecto veniam voluptatem dolorem consequatur dolorem ipsam. Et rerum placeat et est. Voluptatem qui consectetur aut minus deserunt incidunt vel dolorum.', 0, 1, 1, 172, '2014-08-10 10:06:34', '1993-05-13 08:27:41');
INSERT INTO `messages` (`id`, `from_user_id`, `to_user_id`, `body`, `is_important`, `is_delivered`, `is_read`, `media_id`, `created_at`, `updated_at`) VALUES (73, 73, 73, 'At doloremque veniam dolore aut dolores ut. Pariatur illo mollitia fugit qui excepturi harum eum sit. Aut debitis dicta vero sit aut.', 0, 0, 1, 173, '1989-04-22 04:55:01', '2020-10-16 20:52:28');
INSERT INTO `messages` (`id`, `from_user_id`, `to_user_id`, `body`, `is_important`, `is_delivered`, `is_read`, `media_id`, `created_at`, `updated_at`) VALUES (74, 74, 74, 'Voluptatem exercitationem qui voluptatibus dolore saepe. Omnis ex modi labore dolores ab error. Tenetur dolor aliquid velit reprehenderit consequuntur aut.', 0, 1, 1, 174, '2012-07-03 21:58:40', '2012-05-18 14:08:48');
INSERT INTO `messages` (`id`, `from_user_id`, `to_user_id`, `body`, `is_important`, `is_delivered`, `is_read`, `media_id`, `created_at`, `updated_at`) VALUES (75, 75, 75, 'Mollitia impedit aut dolorem rem et. Non id quo adipisci dolores. Commodi voluptate rerum autem impedit veritatis officiis in. Et reiciendis voluptates repellendus quod.', 1, 0, 0, 175, '1996-05-09 07:24:50', '1978-11-23 02:56:37');
INSERT INTO `messages` (`id`, `from_user_id`, `to_user_id`, `body`, `is_important`, `is_delivered`, `is_read`, `media_id`, `created_at`, `updated_at`) VALUES (76, 76, 76, 'Est esse maxime totam ab rerum. Id commodi vitae aut nemo in. Iure ea modi quasi reprehenderit expedita.', 0, 1, 1, 176, '1971-05-24 08:08:54', '2001-12-29 01:46:48');
INSERT INTO `messages` (`id`, `from_user_id`, `to_user_id`, `body`, `is_important`, `is_delivered`, `is_read`, `media_id`, `created_at`, `updated_at`) VALUES (77, 77, 77, 'Blanditiis pariatur praesentium dolorum consequatur. Suscipit nostrum tempore recusandae eum pariatur earum optio. Non est dolorem eos laudantium sit sint beatae quibusdam. Sint molestias sequi eligendi commodi.', 1, 1, 1, 177, '2005-02-23 04:49:29', '1981-08-29 04:19:09');
INSERT INTO `messages` (`id`, `from_user_id`, `to_user_id`, `body`, `is_important`, `is_delivered`, `is_read`, `media_id`, `created_at`, `updated_at`) VALUES (78, 78, 78, 'Delectus qui molestias deserunt ad accusamus eos non. Officia eligendi sed maxime qui reprehenderit. Nemo aut voluptas eaque in eius iusto. Omnis eos perferendis nam est.', 1, 0, 0, 178, '2006-09-06 20:07:05', '2018-05-20 11:37:49');
INSERT INTO `messages` (`id`, `from_user_id`, `to_user_id`, `body`, `is_important`, `is_delivered`, `is_read`, `media_id`, `created_at`, `updated_at`) VALUES (79, 79, 79, 'Officiis aut et ex architecto ea. Aut fuga molestias nobis provident vero explicabo numquam qui. Magni numquam ut consequatur quibusdam et quo.', 0, 1, 0, 179, '1976-01-16 02:23:55', '1981-10-21 20:14:36');
INSERT INTO `messages` (`id`, `from_user_id`, `to_user_id`, `body`, `is_important`, `is_delivered`, `is_read`, `media_id`, `created_at`, `updated_at`) VALUES (80, 80, 80, 'Et perferendis delectus nostrum et eos voluptatibus. Libero voluptas voluptatem incidunt quia consequatur quod ea. Doloribus et sapiente et quasi excepturi laborum. Dolore possimus quo tempora minus quia et et.', 0, 0, 0, 180, '1988-08-22 22:41:40', '1981-11-26 14:02:22');
INSERT INTO `messages` (`id`, `from_user_id`, `to_user_id`, `body`, `is_important`, `is_delivered`, `is_read`, `media_id`, `created_at`, `updated_at`) VALUES (81, 81, 81, 'Eveniet dolores pariatur dolore animi veniam consequatur voluptas. Ipsam qui ut voluptas architecto at. Accusantium minima enim harum architecto qui vel. Tempore aliquid et eos enim at aut.', 0, 0, 0, 181, '2006-01-10 05:00:47', '1994-08-26 12:09:31');
INSERT INTO `messages` (`id`, `from_user_id`, `to_user_id`, `body`, `is_important`, `is_delivered`, `is_read`, `media_id`, `created_at`, `updated_at`) VALUES (82, 82, 82, 'Libero facere itaque inventore aut. Et ipsam eos maiores veniam. Voluptas molestiae blanditiis neque ut. Aut repellendus qui natus vero eligendi doloribus.', 0, 0, 1, 182, '1980-07-09 05:50:46', '1990-09-08 23:53:35');
INSERT INTO `messages` (`id`, `from_user_id`, `to_user_id`, `body`, `is_important`, `is_delivered`, `is_read`, `media_id`, `created_at`, `updated_at`) VALUES (83, 83, 83, 'Harum occaecati excepturi qui tenetur. Aspernatur ad error qui deserunt non totam minima nemo. Ut quia provident nesciunt porro.', 1, 0, 1, 183, '1981-01-03 23:49:07', '1970-08-12 21:20:12');
INSERT INTO `messages` (`id`, `from_user_id`, `to_user_id`, `body`, `is_important`, `is_delivered`, `is_read`, `media_id`, `created_at`, `updated_at`) VALUES (84, 84, 84, 'Nobis molestias voluptatem ab eveniet esse inventore autem. Autem at eligendi ducimus dolores nesciunt magnam. Ipsa quo dolorem dolore sit.', 1, 0, 0, 184, '1971-05-30 05:06:16', '1990-12-20 00:37:51');
INSERT INTO `messages` (`id`, `from_user_id`, `to_user_id`, `body`, `is_important`, `is_delivered`, `is_read`, `media_id`, `created_at`, `updated_at`) VALUES (85, 85, 85, 'Enim aspernatur non ut dicta veritatis mollitia saepe. Et aut et reprehenderit ipsa. Rerum aliquam nisi provident quo. Necessitatibus necessitatibus eligendi rem quam accusamus libero.', 1, 0, 1, 101, '2002-04-03 16:01:06', '1975-04-13 13:30:31');
INSERT INTO `messages` (`id`, `from_user_id`, `to_user_id`, `body`, `is_important`, `is_delivered`, `is_read`, `media_id`, `created_at`, `updated_at`) VALUES (86, 86, 86, 'Voluptatem impedit suscipit quia velit provident omnis incidunt. Reiciendis architecto rerum culpa nihil et voluptas dolores eaque. Vel quis fuga recusandae soluta.', 1, 1, 1, 102, '1973-08-12 07:04:07', '2003-08-15 14:20:36');
INSERT INTO `messages` (`id`, `from_user_id`, `to_user_id`, `body`, `is_important`, `is_delivered`, `is_read`, `media_id`, `created_at`, `updated_at`) VALUES (87, 87, 87, 'Aut eos vero qui voluptate. Molestias et nihil iusto. Perspiciatis officiis est optio et mollitia. Natus voluptate veritatis molestiae non ut laborum.', 1, 0, 1, 103, '1989-05-26 21:22:48', '2014-08-14 06:16:59');
INSERT INTO `messages` (`id`, `from_user_id`, `to_user_id`, `body`, `is_important`, `is_delivered`, `is_read`, `media_id`, `created_at`, `updated_at`) VALUES (88, 88, 88, 'Voluptatem deleniti aut ab voluptatem. Reiciendis odit possimus mollitia facilis vel incidunt et. Cumque incidunt est voluptatem.', 0, 0, 1, 104, '1973-09-09 00:20:08', '2004-01-30 08:40:05');
INSERT INTO `messages` (`id`, `from_user_id`, `to_user_id`, `body`, `is_important`, `is_delivered`, `is_read`, `media_id`, `created_at`, `updated_at`) VALUES (89, 89, 89, 'Saepe velit illo id. Omnis deleniti voluptas ipsa quod. Nisi sit quo maxime et rerum facilis sit. Minima ut est ut quas velit minima voluptatibus voluptas.', 1, 0, 0, 105, '1980-05-29 13:53:28', '2019-09-16 20:31:00');
INSERT INTO `messages` (`id`, `from_user_id`, `to_user_id`, `body`, `is_important`, `is_delivered`, `is_read`, `media_id`, `created_at`, `updated_at`) VALUES (90, 90, 90, 'A quisquam ut consequuntur veniam consequuntur ipsa. Sed dolores quia magni dolore impedit et accusantium. Dolore eum ut facilis harum omnis. In impedit omnis nobis vitae.', 1, 1, 0, 106, '1993-08-05 08:36:31', '2003-07-20 22:06:58');
INSERT INTO `messages` (`id`, `from_user_id`, `to_user_id`, `body`, `is_important`, `is_delivered`, `is_read`, `media_id`, `created_at`, `updated_at`) VALUES (91, 91, 91, 'Corrupti aperiam id dolor tenetur. Odio sequi ut tempore harum est provident iure. Amet error voluptatum ut quos voluptas. Nulla nam impedit architecto consequuntur amet distinctio ullam.', 1, 1, 0, 107, '1972-12-24 17:54:37', '2004-04-26 05:23:49');
INSERT INTO `messages` (`id`, `from_user_id`, `to_user_id`, `body`, `is_important`, `is_delivered`, `is_read`, `media_id`, `created_at`, `updated_at`) VALUES (92, 92, 92, 'Dicta inventore error quia eos eum aut. Excepturi possimus qui quos dicta expedita voluptas. Eos nihil eaque itaque deleniti. Natus quaerat libero consequatur quisquam asperiores quos perferendis.', 0, 1, 1, 108, '2009-07-16 04:31:06', '1972-11-15 05:13:38');
INSERT INTO `messages` (`id`, `from_user_id`, `to_user_id`, `body`, `is_important`, `is_delivered`, `is_read`, `media_id`, `created_at`, `updated_at`) VALUES (93, 93, 93, 'Quos velit labore officia dolorem tempore est. Velit aut qui vero laboriosam quaerat blanditiis. Recusandae quidem placeat non est facilis explicabo voluptas. Eos ut odio quasi tenetur voluptates.', 0, 1, 0, 109, '1994-07-30 11:28:04', '1993-11-09 23:20:17');
INSERT INTO `messages` (`id`, `from_user_id`, `to_user_id`, `body`, `is_important`, `is_delivered`, `is_read`, `media_id`, `created_at`, `updated_at`) VALUES (94, 94, 94, 'Ut rem nulla cupiditate nemo. Eum aut asperiores molestias repudiandae repellendus. Consequatur reprehenderit sit eius ducimus autem.', 0, 1, 1, 110, '1999-05-13 10:00:40', '2014-03-09 12:00:42');
INSERT INTO `messages` (`id`, `from_user_id`, `to_user_id`, `body`, `is_important`, `is_delivered`, `is_read`, `media_id`, `created_at`, `updated_at`) VALUES (95, 95, 95, 'Sit architecto molestiae eaque perspiciatis officiis veritatis nemo. Ipsam non mollitia voluptas et amet. Ducimus temporibus necessitatibus rerum est. Cupiditate eos at delectus et molestiae qui molestias animi.', 1, 0, 1, 111, '1984-02-15 12:20:59', '2006-02-13 08:51:27');
INSERT INTO `messages` (`id`, `from_user_id`, `to_user_id`, `body`, `is_important`, `is_delivered`, `is_read`, `media_id`, `created_at`, `updated_at`) VALUES (96, 96, 96, 'Eum et et est et. Qui fugiat similique voluptas et incidunt enim eos et. Veritatis qui necessitatibus id. Et id ullam quae debitis officia fugiat.', 0, 1, 0, 112, '1992-11-16 00:21:39', '2003-04-18 22:09:26');
INSERT INTO `messages` (`id`, `from_user_id`, `to_user_id`, `body`, `is_important`, `is_delivered`, `is_read`, `media_id`, `created_at`, `updated_at`) VALUES (97, 97, 97, 'Qui sint et ad numquam vitae autem molestiae. Ea nesciunt minus voluptatum et provident sequi. Modi est velit architecto qui.', 1, 0, 1, 113, '1999-09-27 15:15:45', '1980-10-24 07:53:32');
INSERT INTO `messages` (`id`, `from_user_id`, `to_user_id`, `body`, `is_important`, `is_delivered`, `is_read`, `media_id`, `created_at`, `updated_at`) VALUES (98, 98, 98, 'Aliquam omnis dolor soluta libero ea sed. Eum iusto laboriosam consequatur quia qui rerum enim occaecati. Non tempore ut illo voluptas.', 0, 0, 1, 114, '2005-11-07 18:40:13', '1977-01-13 11:38:45');
INSERT INTO `messages` (`id`, `from_user_id`, `to_user_id`, `body`, `is_important`, `is_delivered`, `is_read`, `media_id`, `created_at`, `updated_at`) VALUES (99, 99, 99, 'Sit sed officia minima atque molestiae. Excepturi omnis ullam et. Dolorum laboriosam velit ea dolorem officia repudiandae.', 0, 1, 1, 115, '2014-11-05 20:46:47', '1978-12-25 12:15:26');
INSERT INTO `messages` (`id`, `from_user_id`, `to_user_id`, `body`, `is_important`, `is_delivered`, `is_read`, `media_id`, `created_at`, `updated_at`) VALUES (100, 100, 100, 'Quod accusamus aliquam accusantium deleniti et repellat reiciendis et. Nemo non numquam dolores nesciunt enim itaque tenetur rerum. Maxime quisquam iusto eveniet beatae voluptatibus ab aliquid. Impedit ea minima asperiores architecto.', 0, 1, 1, 116, '1981-03-06 02:48:55', '1998-11-30 01:59:11');


#
# TABLE STRUCTURE FOR: profiles
#

DROP TABLE IF EXISTS `profiles`;

CREATE TABLE `profiles` (
  `user_id` int(10) unsigned NOT NULL,
  `gender` char(1) COLLATE utf8mb4_unicode_ci NOT NULL,
  `birthday` date DEFAULT NULL,
  `photo_id` int(10) unsigned DEFAULT NULL,
  `status` varchar(30) COLLATE utf8mb4_unicode_ci DEFAULT NULL,
  `city_id` int(10) unsigned DEFAULT NULL,
  `country_id` int(10) unsigned DEFAULT NULL,
  `media_id` int(10) unsigned DEFAULT NULL,
  `created_at` datetime DEFAULT current_timestamp(),
  `updated_at` datetime DEFAULT current_timestamp() ON UPDATE current_timestamp(),
  PRIMARY KEY (`user_id`)
) ENGINE=InnoDB DEFAULT CHARSET=utf8mb4 COLLATE=utf8mb4_unicode_ci;

INSERT INTO `profiles` (`user_id`, `gender`, `birthday`, `photo_id`, `status`, `city_id`, `country_id`, `media_id`, `created_at`, `updated_at`) VALUES (1, 'm', '1970-08-30', 4, 'Similique minus sed sed eum. M', 1, 1, 101, '2018-08-06 10:04:17', '2003-02-19 22:47:52');
INSERT INTO `profiles` (`user_id`, `gender`, `birthday`, `photo_id`, `status`, `city_id`, `country_id`, `media_id`, `created_at`, `updated_at`) VALUES (2, 'f', '2018-04-08', 3, 'Adipisci rerum veniam dolores ', 2, 2, 102, '2000-12-23 13:08:26', '2006-10-02 23:32:52');
INSERT INTO `profiles` (`user_id`, `gender`, `birthday`, `photo_id`, `status`, `city_id`, `country_id`, `media_id`, `created_at`, `updated_at`) VALUES (3, 'f', '1971-12-01', 6, 'Et sint est id magni dicta a. ', 3, 3, 103, '1978-08-18 16:11:56', '1996-12-06 03:52:17');
INSERT INTO `profiles` (`user_id`, `gender`, `birthday`, `photo_id`, `status`, `city_id`, `country_id`, `media_id`, `created_at`, `updated_at`) VALUES (4, 'm', '2008-06-04', 7, 'Ex rerum dolorem voluptas eum.', 4, 4, 104, '2010-11-22 21:41:01', '1971-11-23 13:27:52');
INSERT INTO `profiles` (`user_id`, `gender`, `birthday`, `photo_id`, `status`, `city_id`, `country_id`, `media_id`, `created_at`, `updated_at`) VALUES (5, 'm', '2000-09-29', 5, 'Non vitae voluptatem earum fug', 5, 5, 105, '2000-03-31 08:56:13', '2003-11-20 02:45:34');
INSERT INTO `profiles` (`user_id`, `gender`, `birthday`, `photo_id`, `status`, `city_id`, `country_id`, `media_id`, `created_at`, `updated_at`) VALUES (6, 'f', '1973-11-30', 3, 'Commodi totam aut voluptas sin', 6, 6, 106, '2008-07-25 02:24:59', '1996-04-16 16:23:44');
INSERT INTO `profiles` (`user_id`, `gender`, `birthday`, `photo_id`, `status`, `city_id`, `country_id`, `media_id`, `created_at`, `updated_at`) VALUES (7, 'f', '2011-02-26', 9, 'In pariatur rerum tempore. Eve', 7, 7, 107, '1970-05-15 03:43:44', '1990-07-30 00:34:30');
INSERT INTO `profiles` (`user_id`, `gender`, `birthday`, `photo_id`, `status`, `city_id`, `country_id`, `media_id`, `created_at`, `updated_at`) VALUES (8, 'f', '1983-10-08', 4, 'Perspiciatis alias nihil repel', 8, 8, 108, '1991-12-10 13:50:28', '1981-01-26 18:21:39');
INSERT INTO `profiles` (`user_id`, `gender`, `birthday`, `photo_id`, `status`, `city_id`, `country_id`, `media_id`, `created_at`, `updated_at`) VALUES (9, 'f', '1994-07-16', 2, 'Sed molestiae dolores quisquam', 9, 9, 109, '2002-01-19 01:17:23', '2005-07-22 04:38:53');
INSERT INTO `profiles` (`user_id`, `gender`, `birthday`, `photo_id`, `status`, `city_id`, `country_id`, `media_id`, `created_at`, `updated_at`) VALUES (10, 'm', '2013-06-03', 5, 'Est quo voluptatum corporis qu', 10, 10, 110, '1975-03-13 19:55:28', '2020-03-26 04:06:27');
INSERT INTO `profiles` (`user_id`, `gender`, `birthday`, `photo_id`, `status`, `city_id`, `country_id`, `media_id`, `created_at`, `updated_at`) VALUES (11, 'm', '2020-09-03', 6, 'Sapiente eius voluptas nemo ul', 11, 11, 111, '2001-03-15 15:06:29', '1996-11-04 15:11:37');
INSERT INTO `profiles` (`user_id`, `gender`, `birthday`, `photo_id`, `status`, `city_id`, `country_id`, `media_id`, `created_at`, `updated_at`) VALUES (12, 'f', '1980-04-03', 7, 'Beatae vel harum doloribus bea', 12, 12, 112, '1986-02-20 10:00:57', '1999-07-14 00:34:25');
INSERT INTO `profiles` (`user_id`, `gender`, `birthday`, `photo_id`, `status`, `city_id`, `country_id`, `media_id`, `created_at`, `updated_at`) VALUES (13, 'm', '1986-07-03', 4, 'Minima alias error asperiores ', 13, 13, 113, '1982-12-22 08:29:52', '1988-09-11 15:54:59');
INSERT INTO `profiles` (`user_id`, `gender`, `birthday`, `photo_id`, `status`, `city_id`, `country_id`, `media_id`, `created_at`, `updated_at`) VALUES (14, 'f', '1994-11-15', 3, 'In aspernatur sunt illum vitae', 14, 14, 114, '2000-05-02 04:46:53', '2002-09-13 16:18:41');
INSERT INTO `profiles` (`user_id`, `gender`, `birthday`, `photo_id`, `status`, `city_id`, `country_id`, `media_id`, `created_at`, `updated_at`) VALUES (15, 'f', '2007-04-16', 4, 'Nesciunt fugit officiis sint p', 15, 15, 115, '1992-04-07 13:05:03', '2007-09-15 04:29:50');
INSERT INTO `profiles` (`user_id`, `gender`, `birthday`, `photo_id`, `status`, `city_id`, `country_id`, `media_id`, `created_at`, `updated_at`) VALUES (16, 'f', '1977-04-22', 4, 'Et quia asperiores a ex dicta ', 16, 16, 116, '1978-12-06 10:04:19', '1974-03-29 00:06:30');
INSERT INTO `profiles` (`user_id`, `gender`, `birthday`, `photo_id`, `status`, `city_id`, `country_id`, `media_id`, `created_at`, `updated_at`) VALUES (17, 'm', '2000-11-27', 1, 'Repellat aut sed ut autem sit ', 17, 17, 117, '1980-10-22 00:13:37', '1986-06-13 05:22:08');
INSERT INTO `profiles` (`user_id`, `gender`, `birthday`, `photo_id`, `status`, `city_id`, `country_id`, `media_id`, `created_at`, `updated_at`) VALUES (18, 'f', '1973-08-10', 1, 'Fugiat et dicta blanditiis vel', 18, 18, 118, '1992-02-05 05:07:33', '2009-09-02 03:07:03');
INSERT INTO `profiles` (`user_id`, `gender`, `birthday`, `photo_id`, `status`, `city_id`, `country_id`, `media_id`, `created_at`, `updated_at`) VALUES (19, 'm', '2005-10-22', 6, 'Aliquid veritatis perspiciatis', 19, 19, 119, '1997-11-18 14:54:16', '2015-12-31 21:28:14');
INSERT INTO `profiles` (`user_id`, `gender`, `birthday`, `photo_id`, `status`, `city_id`, `country_id`, `media_id`, `created_at`, `updated_at`) VALUES (20, 'm', '1976-11-19', 2, 'Velit dolores velit molestiae ', 20, 20, 120, '1973-10-23 07:16:32', '1990-06-24 08:06:00');
INSERT INTO `profiles` (`user_id`, `gender`, `birthday`, `photo_id`, `status`, `city_id`, `country_id`, `media_id`, `created_at`, `updated_at`) VALUES (21, 'm', '1971-02-23', 9, 'Odio impedit consequatur nulla', 21, 21, 121, '2006-08-19 13:59:09', '2000-04-17 16:07:12');
INSERT INTO `profiles` (`user_id`, `gender`, `birthday`, `photo_id`, `status`, `city_id`, `country_id`, `media_id`, `created_at`, `updated_at`) VALUES (22, 'm', '1990-02-09', 6, 'Aut aut ut animi ut expedita. ', 22, 22, 122, '1989-06-25 06:53:18', '1985-10-28 15:28:29');
INSERT INTO `profiles` (`user_id`, `gender`, `birthday`, `photo_id`, `status`, `city_id`, `country_id`, `media_id`, `created_at`, `updated_at`) VALUES (23, 'm', '1970-09-19', 0, 'Illum voluptas rerum dolor rer', 23, 23, 123, '2006-10-21 22:55:54', '1993-03-21 14:17:06');
INSERT INTO `profiles` (`user_id`, `gender`, `birthday`, `photo_id`, `status`, `city_id`, `country_id`, `media_id`, `created_at`, `updated_at`) VALUES (24, 'f', '1995-08-31', 5, 'Consequatur est ea sunt velit ', 24, 24, 124, '1979-03-31 21:11:00', '2009-01-03 16:40:56');
INSERT INTO `profiles` (`user_id`, `gender`, `birthday`, `photo_id`, `status`, `city_id`, `country_id`, `media_id`, `created_at`, `updated_at`) VALUES (25, 'm', '2006-12-03', 5, 'Voluptas quos corporis ea laud', 25, 25, 125, '2006-04-13 07:17:11', '2000-02-27 15:08:54');
INSERT INTO `profiles` (`user_id`, `gender`, `birthday`, `photo_id`, `status`, `city_id`, `country_id`, `media_id`, `created_at`, `updated_at`) VALUES (26, 'f', '1973-10-04', 2, 'Alias architecto nesciunt repe', 26, 26, 126, '1988-04-05 03:53:53', '1984-01-13 10:27:42');
INSERT INTO `profiles` (`user_id`, `gender`, `birthday`, `photo_id`, `status`, `city_id`, `country_id`, `media_id`, `created_at`, `updated_at`) VALUES (27, 'f', '1979-04-17', 1, 'Amet velit id iste est. Numqua', 27, 27, 127, '1976-08-14 16:51:07', '2019-08-27 14:32:05');
INSERT INTO `profiles` (`user_id`, `gender`, `birthday`, `photo_id`, `status`, `city_id`, `country_id`, `media_id`, `created_at`, `updated_at`) VALUES (28, 'm', '1998-05-20', 3, 'Fugit et aut nulla quasi eos d', 28, 28, 128, '1990-05-04 16:55:52', '1991-01-06 20:54:21');
INSERT INTO `profiles` (`user_id`, `gender`, `birthday`, `photo_id`, `status`, `city_id`, `country_id`, `media_id`, `created_at`, `updated_at`) VALUES (29, 'f', '1973-12-16', 3, 'Consequuntur autem delectus od', 29, 29, 129, '1979-02-21 11:44:18', '1974-04-30 16:41:41');
INSERT INTO `profiles` (`user_id`, `gender`, `birthday`, `photo_id`, `status`, `city_id`, `country_id`, `media_id`, `created_at`, `updated_at`) VALUES (30, 'f', '2012-01-09', 3, 'Et sit totam adipisci. Occaeca', 30, 30, 130, '1997-01-03 09:53:14', '2015-04-05 11:30:58');
INSERT INTO `profiles` (`user_id`, `gender`, `birthday`, `photo_id`, `status`, `city_id`, `country_id`, `media_id`, `created_at`, `updated_at`) VALUES (31, 'f', '1994-04-30', 8, 'Animi omnis aut distinctio aut', 31, 31, 131, '1990-01-27 13:40:31', '1998-05-01 02:32:52');
INSERT INTO `profiles` (`user_id`, `gender`, `birthday`, `photo_id`, `status`, `city_id`, `country_id`, `media_id`, `created_at`, `updated_at`) VALUES (32, 'm', '1997-11-11', 9, 'Ut deserunt facere fugiat culp', 32, 32, 132, '2017-02-18 14:13:12', '2011-03-01 13:46:16');
INSERT INTO `profiles` (`user_id`, `gender`, `birthday`, `photo_id`, `status`, `city_id`, `country_id`, `media_id`, `created_at`, `updated_at`) VALUES (33, 'f', '2000-08-12', 8, 'Porro eos necessitatibus harum', 33, 33, 133, '2001-03-08 05:55:12', '2014-01-13 12:59:07');
INSERT INTO `profiles` (`user_id`, `gender`, `birthday`, `photo_id`, `status`, `city_id`, `country_id`, `media_id`, `created_at`, `updated_at`) VALUES (34, 'f', '2008-02-04', 8, 'Sunt magni minus error ratione', 34, 34, 134, '2006-09-02 10:47:11', '1995-04-01 13:29:18');
INSERT INTO `profiles` (`user_id`, `gender`, `birthday`, `photo_id`, `status`, `city_id`, `country_id`, `media_id`, `created_at`, `updated_at`) VALUES (35, 'f', '2001-07-08', 8, 'Voluptatibus aliquam aut exerc', 35, 35, 135, '1980-08-18 11:13:11', '2019-10-23 12:57:16');
INSERT INTO `profiles` (`user_id`, `gender`, `birthday`, `photo_id`, `status`, `city_id`, `country_id`, `media_id`, `created_at`, `updated_at`) VALUES (36, 'f', '2020-03-07', 9, 'Enim et repellat placeat digni', 36, 36, 136, '1992-08-17 03:19:40', '1975-12-11 19:56:38');
INSERT INTO `profiles` (`user_id`, `gender`, `birthday`, `photo_id`, `status`, `city_id`, `country_id`, `media_id`, `created_at`, `updated_at`) VALUES (37, 'm', '1982-01-09', 8, 'Officia expedita asperiores mo', 37, 37, 137, '2007-06-28 08:34:52', '1980-05-07 13:56:21');
INSERT INTO `profiles` (`user_id`, `gender`, `birthday`, `photo_id`, `status`, `city_id`, `country_id`, `media_id`, `created_at`, `updated_at`) VALUES (38, 'm', '2003-06-06', 4, 'Consequatur quo est asperiores', 38, 38, 138, '1977-11-18 09:18:33', '1981-04-26 21:17:38');
INSERT INTO `profiles` (`user_id`, `gender`, `birthday`, `photo_id`, `status`, `city_id`, `country_id`, `media_id`, `created_at`, `updated_at`) VALUES (39, 'm', '1984-07-05', 7, 'Debitis laborum ad cupiditate ', 39, 39, 139, '1978-04-21 18:28:07', '2017-10-25 19:07:48');
INSERT INTO `profiles` (`user_id`, `gender`, `birthday`, `photo_id`, `status`, `city_id`, `country_id`, `media_id`, `created_at`, `updated_at`) VALUES (40, 'f', '2017-06-22', 5, 'Quia cupiditate veniam qui ani', 40, 40, 140, '1997-05-05 15:24:33', '1991-11-21 00:04:20');
INSERT INTO `profiles` (`user_id`, `gender`, `birthday`, `photo_id`, `status`, `city_id`, `country_id`, `media_id`, `created_at`, `updated_at`) VALUES (41, 'm', '1970-09-26', 8, 'Rem qui expedita excepturi ali', 41, 41, 141, '1974-02-16 01:40:32', '2000-10-29 19:32:14');
INSERT INTO `profiles` (`user_id`, `gender`, `birthday`, `photo_id`, `status`, `city_id`, `country_id`, `media_id`, `created_at`, `updated_at`) VALUES (42, 'm', '2015-02-14', 2, 'Sint architecto exercitationem', 42, 42, 142, '1982-05-14 11:20:24', '1999-10-22 13:09:38');
INSERT INTO `profiles` (`user_id`, `gender`, `birthday`, `photo_id`, `status`, `city_id`, `country_id`, `media_id`, `created_at`, `updated_at`) VALUES (43, 'f', '1996-01-27', 0, 'Eos ullam dolorem sunt qui dis', 43, 43, 143, '2005-07-02 17:11:02', '2014-04-17 12:54:17');
INSERT INTO `profiles` (`user_id`, `gender`, `birthday`, `photo_id`, `status`, `city_id`, `country_id`, `media_id`, `created_at`, `updated_at`) VALUES (44, 'f', '1971-04-16', 7, 'Minus beatae non dolor. Earum ', 44, 44, 144, '1980-07-17 09:00:59', '1999-04-19 22:03:49');
INSERT INTO `profiles` (`user_id`, `gender`, `birthday`, `photo_id`, `status`, `city_id`, `country_id`, `media_id`, `created_at`, `updated_at`) VALUES (45, 'f', '1983-03-21', 7, 'Dicta ex delectus occaecati ea', 45, 45, 145, '1996-12-15 06:21:11', '1979-03-20 13:08:13');
INSERT INTO `profiles` (`user_id`, `gender`, `birthday`, `photo_id`, `status`, `city_id`, `country_id`, `media_id`, `created_at`, `updated_at`) VALUES (46, 'f', '1975-02-06', 7, 'Neque ut eum molestiae est. Et', 46, 46, 146, '2009-08-11 19:50:24', '1995-05-13 19:37:26');
INSERT INTO `profiles` (`user_id`, `gender`, `birthday`, `photo_id`, `status`, `city_id`, `country_id`, `media_id`, `created_at`, `updated_at`) VALUES (47, 'm', '2020-09-20', 6, 'Cum officiis illum rerum aliqu', 47, 47, 147, '2007-11-19 22:59:17', '1981-11-03 14:48:13');
INSERT INTO `profiles` (`user_id`, `gender`, `birthday`, `photo_id`, `status`, `city_id`, `country_id`, `media_id`, `created_at`, `updated_at`) VALUES (48, 'm', '2009-03-09', 7, 'Pariatur quis omnis mollitia q', 48, 48, 148, '2016-07-06 10:54:20', '2005-02-10 18:06:45');
INSERT INTO `profiles` (`user_id`, `gender`, `birthday`, `photo_id`, `status`, `city_id`, `country_id`, `media_id`, `created_at`, `updated_at`) VALUES (49, 'm', '1999-11-20', 7, 'Dolor nostrum illo aspernatur ', 49, 49, 149, '2000-11-11 21:27:19', '2021-05-04 21:36:56');
INSERT INTO `profiles` (`user_id`, `gender`, `birthday`, `photo_id`, `status`, `city_id`, `country_id`, `media_id`, `created_at`, `updated_at`) VALUES (50, 'm', '1972-03-09', 6, 'Odit eum atque tenetur pariatu', 50, 50, 150, '1978-04-01 19:47:15', '1995-08-01 18:35:41');
INSERT INTO `profiles` (`user_id`, `gender`, `birthday`, `photo_id`, `status`, `city_id`, `country_id`, `media_id`, `created_at`, `updated_at`) VALUES (51, 'm', '1974-12-16', 6, 'Quia est repudiandae accusamus', 51, 51, 151, '2005-06-08 11:12:26', '2020-06-10 12:50:47');
INSERT INTO `profiles` (`user_id`, `gender`, `birthday`, `photo_id`, `status`, `city_id`, `country_id`, `media_id`, `created_at`, `updated_at`) VALUES (52, 'f', '2008-09-07', 7, 'Odit quia numquam eligendi seq', 52, 52, 152, '1989-11-16 11:14:11', '1977-05-05 07:24:48');
INSERT INTO `profiles` (`user_id`, `gender`, `birthday`, `photo_id`, `status`, `city_id`, `country_id`, `media_id`, `created_at`, `updated_at`) VALUES (53, 'm', '2001-05-18', 3, 'Sed qui nemo ut natus temporib', 53, 53, 153, '2018-08-01 05:59:10', '1994-12-10 14:34:55');
INSERT INTO `profiles` (`user_id`, `gender`, `birthday`, `photo_id`, `status`, `city_id`, `country_id`, `media_id`, `created_at`, `updated_at`) VALUES (54, 'f', '1996-08-31', 2, 'Sed porro ipsa recusandae sequ', 54, 54, 154, '1987-04-13 13:09:24', '2020-08-30 12:44:11');
INSERT INTO `profiles` (`user_id`, `gender`, `birthday`, `photo_id`, `status`, `city_id`, `country_id`, `media_id`, `created_at`, `updated_at`) VALUES (55, 'f', '2001-09-16', 9, 'Est explicabo repellat ut amet', 55, 55, 155, '1980-12-05 03:13:42', '1975-04-05 21:54:20');
INSERT INTO `profiles` (`user_id`, `gender`, `birthday`, `photo_id`, `status`, `city_id`, `country_id`, `media_id`, `created_at`, `updated_at`) VALUES (56, 'm', '1980-04-06', 4, 'Aut aliquid enim adipisci ad d', 56, 56, 156, '2017-01-05 19:31:39', '2007-04-21 06:33:26');
INSERT INTO `profiles` (`user_id`, `gender`, `birthday`, `photo_id`, `status`, `city_id`, `country_id`, `media_id`, `created_at`, `updated_at`) VALUES (57, 'm', '2016-01-21', 3, 'Enim deserunt aut pariatur. Do', 57, 57, 157, '1972-12-25 10:00:28', '1993-03-28 17:21:46');
INSERT INTO `profiles` (`user_id`, `gender`, `birthday`, `photo_id`, `status`, `city_id`, `country_id`, `media_id`, `created_at`, `updated_at`) VALUES (58, 'm', '2007-06-18', 8, 'Vel facere dolorem voluptas es', 58, 58, 158, '1985-01-14 03:17:23', '2010-02-10 16:32:00');
INSERT INTO `profiles` (`user_id`, `gender`, `birthday`, `photo_id`, `status`, `city_id`, `country_id`, `media_id`, `created_at`, `updated_at`) VALUES (59, 'f', '1977-09-27', 4, 'Corrupti deserunt sapiente quo', 59, 59, 159, '1990-09-24 21:55:49', '1990-07-09 06:03:16');
INSERT INTO `profiles` (`user_id`, `gender`, `birthday`, `photo_id`, `status`, `city_id`, `country_id`, `media_id`, `created_at`, `updated_at`) VALUES (60, 'm', '2003-04-10', 3, 'Esse velit ex earum quis velit', 60, 60, 160, '1982-02-22 06:45:55', '1972-06-06 14:06:09');
INSERT INTO `profiles` (`user_id`, `gender`, `birthday`, `photo_id`, `status`, `city_id`, `country_id`, `media_id`, `created_at`, `updated_at`) VALUES (61, 'f', '1980-04-04', 3, 'Explicabo ut qui quis nisi exp', 61, 61, 161, '2010-05-22 07:24:50', '2002-09-10 23:23:32');
INSERT INTO `profiles` (`user_id`, `gender`, `birthday`, `photo_id`, `status`, `city_id`, `country_id`, `media_id`, `created_at`, `updated_at`) VALUES (62, 'f', '1997-07-20', 4, 'Ut quod delectus quia repellat', 62, 62, 162, '1979-11-11 04:07:51', '1991-02-02 11:12:19');
INSERT INTO `profiles` (`user_id`, `gender`, `birthday`, `photo_id`, `status`, `city_id`, `country_id`, `media_id`, `created_at`, `updated_at`) VALUES (63, 'm', '1986-11-29', 2, 'Assumenda similique et aliquid', 63, 63, 163, '2005-03-04 09:05:03', '1999-06-04 01:49:20');
INSERT INTO `profiles` (`user_id`, `gender`, `birthday`, `photo_id`, `status`, `city_id`, `country_id`, `media_id`, `created_at`, `updated_at`) VALUES (64, 'm', '1988-08-21', 4, 'Qui eos doloremque ab minima f', 64, 64, 164, '2017-03-21 03:32:18', '2019-05-19 10:52:28');
INSERT INTO `profiles` (`user_id`, `gender`, `birthday`, `photo_id`, `status`, `city_id`, `country_id`, `media_id`, `created_at`, `updated_at`) VALUES (65, 'f', '2019-01-30', 3, 'Expedita dolorem quos laborum ', 65, 65, 165, '2009-02-09 01:58:49', '1974-06-14 01:58:35');
INSERT INTO `profiles` (`user_id`, `gender`, `birthday`, `photo_id`, `status`, `city_id`, `country_id`, `media_id`, `created_at`, `updated_at`) VALUES (66, 'f', '1977-04-24', 6, 'Aut blanditiis commodi et aute', 66, 66, 166, '2016-05-24 20:07:58', '2007-02-12 11:42:17');
INSERT INTO `profiles` (`user_id`, `gender`, `birthday`, `photo_id`, `status`, `city_id`, `country_id`, `media_id`, `created_at`, `updated_at`) VALUES (67, 'm', '1977-10-08', 6, 'Veniam voluptatum molestias ea', 67, 67, 167, '1992-07-14 08:46:10', '2016-07-02 00:27:08');
INSERT INTO `profiles` (`user_id`, `gender`, `birthday`, `photo_id`, `status`, `city_id`, `country_id`, `media_id`, `created_at`, `updated_at`) VALUES (68, 'm', '1972-11-24', 7, 'Maiores blanditiis voluptates ', 68, 68, 168, '2017-10-03 08:11:59', '2007-11-16 22:52:25');
INSERT INTO `profiles` (`user_id`, `gender`, `birthday`, `photo_id`, `status`, `city_id`, `country_id`, `media_id`, `created_at`, `updated_at`) VALUES (69, 'f', '2020-09-28', 7, 'Omnis maiores itaque natus dol', 69, 69, 169, '1973-03-20 22:48:31', '2019-02-11 09:06:32');
INSERT INTO `profiles` (`user_id`, `gender`, `birthday`, `photo_id`, `status`, `city_id`, `country_id`, `media_id`, `created_at`, `updated_at`) VALUES (70, 'f', '2013-12-13', 6, 'Amet distinctio amet rerum omn', 70, 70, 170, '1981-05-04 12:37:08', '1988-12-03 13:27:05');
INSERT INTO `profiles` (`user_id`, `gender`, `birthday`, `photo_id`, `status`, `city_id`, `country_id`, `media_id`, `created_at`, `updated_at`) VALUES (71, 'm', '1983-06-12', 3, 'Vel in assumenda corporis est.', 71, 71, 171, '2012-02-14 06:20:52', '1985-07-04 12:33:56');
INSERT INTO `profiles` (`user_id`, `gender`, `birthday`, `photo_id`, `status`, `city_id`, `country_id`, `media_id`, `created_at`, `updated_at`) VALUES (72, 'f', '2016-01-18', 9, 'Qui quia ea id quidem. Aut non', 72, 72, 172, '1993-12-28 05:32:58', '2013-08-08 12:03:32');
INSERT INTO `profiles` (`user_id`, `gender`, `birthday`, `photo_id`, `status`, `city_id`, `country_id`, `media_id`, `created_at`, `updated_at`) VALUES (73, 'm', '1984-10-12', 4, 'Et vitae accusamus voluptates ', 73, 73, 173, '2014-09-08 11:36:03', '2000-07-02 00:41:58');
INSERT INTO `profiles` (`user_id`, `gender`, `birthday`, `photo_id`, `status`, `city_id`, `country_id`, `media_id`, `created_at`, `updated_at`) VALUES (74, 'm', '2018-01-23', 5, 'Fugit provident eos provident ', 74, 74, 174, '1977-05-11 07:49:51', '2007-01-28 15:46:46');
INSERT INTO `profiles` (`user_id`, `gender`, `birthday`, `photo_id`, `status`, `city_id`, `country_id`, `media_id`, `created_at`, `updated_at`) VALUES (75, 'f', '2005-09-10', 7, 'Tempore quo ducimus ea nemo qu', 75, 75, 175, '2002-02-06 04:07:18', '2001-10-07 11:34:13');
INSERT INTO `profiles` (`user_id`, `gender`, `birthday`, `photo_id`, `status`, `city_id`, `country_id`, `media_id`, `created_at`, `updated_at`) VALUES (76, 'f', '1985-04-25', 9, 'Molestias est et ea excepturi ', 76, 76, 176, '2021-03-07 20:18:50', '1984-09-01 10:23:02');
INSERT INTO `profiles` (`user_id`, `gender`, `birthday`, `photo_id`, `status`, `city_id`, `country_id`, `media_id`, `created_at`, `updated_at`) VALUES (77, 'f', '1970-07-12', 4, 'Rerum nesciunt molestiae nesci', 77, 77, 177, '1997-06-05 11:37:00', '2018-01-21 20:44:18');
INSERT INTO `profiles` (`user_id`, `gender`, `birthday`, `photo_id`, `status`, `city_id`, `country_id`, `media_id`, `created_at`, `updated_at`) VALUES (78, 'm', '2010-09-18', 8, 'Quaerat eos voluptatem volupta', 78, 78, 178, '1986-06-08 03:47:10', '1970-06-15 03:00:59');
INSERT INTO `profiles` (`user_id`, `gender`, `birthday`, `photo_id`, `status`, `city_id`, `country_id`, `media_id`, `created_at`, `updated_at`) VALUES (79, 'm', '1982-06-22', 5, 'Laboriosam totam ut quidem sim', 79, 79, 179, '1970-05-16 08:16:25', '1991-08-18 18:16:05');
INSERT INTO `profiles` (`user_id`, `gender`, `birthday`, `photo_id`, `status`, `city_id`, `country_id`, `media_id`, `created_at`, `updated_at`) VALUES (80, 'f', '1991-08-16', 2, 'Rerum voluptatibus doloremque ', 80, 80, 180, '1976-09-04 07:48:32', '1999-11-26 13:50:32');
INSERT INTO `profiles` (`user_id`, `gender`, `birthday`, `photo_id`, `status`, `city_id`, `country_id`, `media_id`, `created_at`, `updated_at`) VALUES (81, 'f', '1973-11-12', 9, 'Saepe nobis debitis veniam rer', 81, 81, 181, '2000-12-06 03:25:09', '1985-04-21 09:26:41');
INSERT INTO `profiles` (`user_id`, `gender`, `birthday`, `photo_id`, `status`, `city_id`, `country_id`, `media_id`, `created_at`, `updated_at`) VALUES (82, 'm', '2001-02-20', 8, 'Quibusdam commodi eos ducimus ', 82, 82, 182, '1985-11-25 01:50:39', '2002-11-22 13:24:03');
INSERT INTO `profiles` (`user_id`, `gender`, `birthday`, `photo_id`, `status`, `city_id`, `country_id`, `media_id`, `created_at`, `updated_at`) VALUES (83, 'f', '1980-08-02', 4, 'Dignissimos minus sed laudanti', 83, 83, 183, '1992-04-09 09:27:24', '1984-12-19 12:21:17');
INSERT INTO `profiles` (`user_id`, `gender`, `birthday`, `photo_id`, `status`, `city_id`, `country_id`, `media_id`, `created_at`, `updated_at`) VALUES (84, 'm', '2009-02-06', 8, 'Enim vel error soluta eius asp', 84, 84, 184, '1984-04-02 13:57:41', '1978-01-12 05:34:55');
INSERT INTO `profiles` (`user_id`, `gender`, `birthday`, `photo_id`, `status`, `city_id`, `country_id`, `media_id`, `created_at`, `updated_at`) VALUES (85, 'f', '1993-01-20', 4, 'Illum qui itaque ut nesciunt. ', 85, 85, 101, '2019-04-16 16:14:05', '2020-10-10 06:12:30');
INSERT INTO `profiles` (`user_id`, `gender`, `birthday`, `photo_id`, `status`, `city_id`, `country_id`, `media_id`, `created_at`, `updated_at`) VALUES (86, 'f', '1993-10-15', 0, 'Neque consequatur et repellend', 86, 86, 102, '2014-04-18 22:55:33', '2011-11-02 08:37:40');
INSERT INTO `profiles` (`user_id`, `gender`, `birthday`, `photo_id`, `status`, `city_id`, `country_id`, `media_id`, `created_at`, `updated_at`) VALUES (87, 'm', '2012-02-17', 1, 'Repellat sequi aut aut commodi', 87, 87, 103, '1990-12-15 16:44:18', '2018-06-26 13:57:46');
INSERT INTO `profiles` (`user_id`, `gender`, `birthday`, `photo_id`, `status`, `city_id`, `country_id`, `media_id`, `created_at`, `updated_at`) VALUES (88, 'm', '1993-01-12', 7, 'Unde voluptate ipsa ad quo cor', 88, 88, 104, '1987-05-04 02:04:02', '1984-01-11 14:19:20');
INSERT INTO `profiles` (`user_id`, `gender`, `birthday`, `photo_id`, `status`, `city_id`, `country_id`, `media_id`, `created_at`, `updated_at`) VALUES (89, 'f', '1972-08-17', 2, 'Odio adipisci aut et aut. Prae', 89, 89, 105, '1981-06-18 16:39:41', '1986-12-22 15:55:18');
INSERT INTO `profiles` (`user_id`, `gender`, `birthday`, `photo_id`, `status`, `city_id`, `country_id`, `media_id`, `created_at`, `updated_at`) VALUES (90, 'f', '1975-08-30', 6, 'Cum rerum porro ut aspernatur ', 90, 90, 106, '2016-11-24 13:38:51', '2006-10-30 20:38:28');
INSERT INTO `profiles` (`user_id`, `gender`, `birthday`, `photo_id`, `status`, `city_id`, `country_id`, `media_id`, `created_at`, `updated_at`) VALUES (91, 'm', '1985-06-22', 1, 'Est est sunt amet quibusdam. O', 91, 91, 107, '1983-04-03 00:40:05', '2009-12-18 13:04:43');
INSERT INTO `profiles` (`user_id`, `gender`, `birthday`, `photo_id`, `status`, `city_id`, `country_id`, `media_id`, `created_at`, `updated_at`) VALUES (92, 'm', '2014-04-20', 4, 'Impedit eaque cumque voluptate', 92, 92, 108, '2019-08-02 06:57:51', '1996-10-04 15:12:15');
INSERT INTO `profiles` (`user_id`, `gender`, `birthday`, `photo_id`, `status`, `city_id`, `country_id`, `media_id`, `created_at`, `updated_at`) VALUES (93, 'm', '1973-03-03', 3, 'Minima maxime expedita repelle', 93, 93, 109, '2005-11-06 21:46:06', '2017-05-22 00:39:51');
INSERT INTO `profiles` (`user_id`, `gender`, `birthday`, `photo_id`, `status`, `city_id`, `country_id`, `media_id`, `created_at`, `updated_at`) VALUES (94, 'f', '2005-01-30', 7, 'Autem et quasi temporibus aut ', 94, 94, 110, '2007-12-29 01:35:47', '1975-01-22 15:10:57');
INSERT INTO `profiles` (`user_id`, `gender`, `birthday`, `photo_id`, `status`, `city_id`, `country_id`, `media_id`, `created_at`, `updated_at`) VALUES (95, 'f', '1991-04-08', 2, 'Pariatur sit pariatur alias mi', 95, 95, 111, '2007-01-21 11:11:44', '1990-01-14 04:19:52');
INSERT INTO `profiles` (`user_id`, `gender`, `birthday`, `photo_id`, `status`, `city_id`, `country_id`, `media_id`, `created_at`, `updated_at`) VALUES (96, 'f', '1975-06-29', 7, 'Amet placeat libero repellendu', 96, 96, 112, '1994-02-05 04:26:26', '2008-12-29 21:20:46');
INSERT INTO `profiles` (`user_id`, `gender`, `birthday`, `photo_id`, `status`, `city_id`, `country_id`, `media_id`, `created_at`, `updated_at`) VALUES (97, 'f', '2006-10-10', 8, 'Provident libero tenetur conse', 97, 97, 113, '1980-10-12 05:25:38', '1982-11-11 04:32:28');
INSERT INTO `profiles` (`user_id`, `gender`, `birthday`, `photo_id`, `status`, `city_id`, `country_id`, `media_id`, `created_at`, `updated_at`) VALUES (98, 'm', '2015-12-06', 6, 'Doloremque aut temporibus laud', 98, 98, 114, '1977-07-23 10:57:06', '1999-04-21 14:59:58');
INSERT INTO `profiles` (`user_id`, `gender`, `birthday`, `photo_id`, `status`, `city_id`, `country_id`, `media_id`, `created_at`, `updated_at`) VALUES (99, 'm', '2001-07-25', 5, 'Excepturi magni neque ullam ve', 99, 99, 115, '2011-05-31 18:57:14', '1980-03-21 01:41:21');
INSERT INTO `profiles` (`user_id`, `gender`, `birthday`, `photo_id`, `status`, `city_id`, `country_id`, `media_id`, `created_at`, `updated_at`) VALUES (100, 'f', '1977-06-26', 0, 'Omnis delectus architecto eaqu', 100, 100, 116, '1979-07-28 14:02:56', '2015-02-05 15:23:58');


#
# TABLE STRUCTURE FOR: users
#

DROP TABLE IF EXISTS `users`;

CREATE TABLE `users` (
  `id` int(10) unsigned NOT NULL AUTO_INCREMENT,
  `first_name` varchar(100) COLLATE utf8mb4_unicode_ci NOT NULL,
  `last_name` varchar(100) COLLATE utf8mb4_unicode_ci NOT NULL,
  `email` varchar(100) COLLATE utf8mb4_unicode_ci NOT NULL,
  `phone` varchar(100) COLLATE utf8mb4_unicode_ci NOT NULL,
  `created_at` datetime DEFAULT current_timestamp(),
  `updated_at` datetime DEFAULT current_timestamp() ON UPDATE current_timestamp(),
  PRIMARY KEY (`id`),
  UNIQUE KEY `email` (`email`),
  UNIQUE KEY `phone` (`phone`)
) ENGINE=InnoDB AUTO_INCREMENT=101 DEFAULT CHARSET=utf8mb4 COLLATE=utf8mb4_unicode_ci;

INSERT INTO `users` (`id`, `first_name`, `last_name`, `email`, `phone`, `created_at`, `updated_at`) VALUES (1, 'Adrain', 'Kozey', 'cblanda@example.net', '(543)981-1623x89201', '1982-12-30 14:51:31', '2000-04-14 20:38:46');
INSERT INTO `users` (`id`, `first_name`, `last_name`, `email`, `phone`, `created_at`, `updated_at`) VALUES (2, 'Cecil', 'Leuschke', 'beier.timmy@example.org', '374.981.2372x72487', '2011-11-11 19:22:27', '1990-02-09 07:26:55');
INSERT INTO `users` (`id`, `first_name`, `last_name`, `email`, `phone`, `created_at`, `updated_at`) VALUES (3, 'Columbus', 'Waters', 'klocko.ian@example.com', '622-534-4744', '1999-03-05 22:30:25', '2017-06-03 20:17:00');
INSERT INTO `users` (`id`, `first_name`, `last_name`, `email`, `phone`, `created_at`, `updated_at`) VALUES (4, 'Rashawn', 'Kulas', 'tkuhn@example.net', '1-430-097-7823x1122', '2021-02-28 18:31:04', '2017-05-08 08:53:14');
INSERT INTO `users` (`id`, `first_name`, `last_name`, `email`, `phone`, `created_at`, `updated_at`) VALUES (5, 'Felipe', 'Abshire', 'mzulauf@example.org', '1-632-976-0956x91838', '1989-08-21 12:34:15', '1989-08-08 07:45:19');
INSERT INTO `users` (`id`, `first_name`, `last_name`, `email`, `phone`, `created_at`, `updated_at`) VALUES (6, 'Neha', 'Jakubowski', 'uhirthe@example.org', '+30(3)2654242209', '1970-05-25 08:09:37', '1986-10-01 22:38:54');
INSERT INTO `users` (`id`, `first_name`, `last_name`, `email`, `phone`, `created_at`, `updated_at`) VALUES (7, 'Cydney', 'Stracke', 'craig98@example.org', '503-875-5516x780', '1970-12-28 11:16:44', '1970-11-21 07:14:07');
INSERT INTO `users` (`id`, `first_name`, `last_name`, `email`, `phone`, `created_at`, `updated_at`) VALUES (8, 'Bud', 'Lemke', 'zcremin@example.net', '1-152-091-9728x7080', '2021-01-17 19:06:59', '1973-07-19 01:27:07');
INSERT INTO `users` (`id`, `first_name`, `last_name`, `email`, `phone`, `created_at`, `updated_at`) VALUES (9, 'Sedrick', 'Collier', 'rachel70@example.net', '+56(4)6354196544', '2012-07-06 12:30:00', '2012-10-15 11:07:34');
INSERT INTO `users` (`id`, `first_name`, `last_name`, `email`, `phone`, `created_at`, `updated_at`) VALUES (10, 'Laverne', 'Glover', 'rwelch@example.net', '785-295-1179', '2010-06-03 10:58:21', '2014-10-12 23:49:28');
INSERT INTO `users` (`id`, `first_name`, `last_name`, `email`, `phone`, `created_at`, `updated_at`) VALUES (11, 'Dalton', 'Streich', 'max.friesen@example.org', '(820)628-1894', '2008-02-09 17:11:12', '2013-10-26 00:23:42');
INSERT INTO `users` (`id`, `first_name`, `last_name`, `email`, `phone`, `created_at`, `updated_at`) VALUES (12, 'Adah', 'Lubowitz', 'niko.wisoky@example.net', '655-164-2328', '1988-04-03 12:44:30', '2003-12-18 18:19:15');
INSERT INTO `users` (`id`, `first_name`, `last_name`, `email`, `phone`, `created_at`, `updated_at`) VALUES (13, 'Beau', 'Walker', 'jchamplin@example.com', '804-780-1943', '1970-03-09 07:46:54', '2019-08-19 21:32:34');
INSERT INTO `users` (`id`, `first_name`, `last_name`, `email`, `phone`, `created_at`, `updated_at`) VALUES (14, 'Myron', 'Gaylord', 'vvonrueden@example.org', '393.995.7800x6880', '1995-12-16 23:58:39', '1992-05-21 23:20:08');
INSERT INTO `users` (`id`, `first_name`, `last_name`, `email`, `phone`, `created_at`, `updated_at`) VALUES (15, 'Dedric', 'Rutherford', 'bradtke.macy@example.com', '839.812.3730', '1994-12-03 06:53:38', '2007-10-25 08:27:18');
INSERT INTO `users` (`id`, `first_name`, `last_name`, `email`, `phone`, `created_at`, `updated_at`) VALUES (16, 'Evangeline', 'Heidenreich', 'emelia.turner@example.net', '105.376.7010', '2003-12-25 14:03:51', '2009-11-18 03:53:25');
INSERT INTO `users` (`id`, `first_name`, `last_name`, `email`, `phone`, `created_at`, `updated_at`) VALUES (17, 'Blanche', 'Denesik', 'martin16@example.org', '621-252-5762x202', '1996-02-11 18:31:22', '1976-03-02 17:37:42');
INSERT INTO `users` (`id`, `first_name`, `last_name`, `email`, `phone`, `created_at`, `updated_at`) VALUES (18, 'Andre', 'Jones', 'judah65@example.org', '251-119-2810x7452', '1994-05-18 04:20:48', '1987-06-26 05:34:29');
INSERT INTO `users` (`id`, `first_name`, `last_name`, `email`, `phone`, `created_at`, `updated_at`) VALUES (19, 'Rupert', 'Kuhn', 'lucio88@example.com', '1-232-151-5016', '1979-02-25 05:40:21', '1981-06-10 21:57:57');
INSERT INTO `users` (`id`, `first_name`, `last_name`, `email`, `phone`, `created_at`, `updated_at`) VALUES (20, 'Noel', 'Nicolas', 'bartholome.beier@example.net', '221-696-9463', '2004-07-31 09:42:57', '1971-07-28 06:37:15');
INSERT INTO `users` (`id`, `first_name`, `last_name`, `email`, `phone`, `created_at`, `updated_at`) VALUES (21, 'Wilfredo', 'Lindgren', 'orn.camila@example.com', '870-685-4931', '1975-07-28 21:31:09', '2002-08-18 10:10:30');
INSERT INTO `users` (`id`, `first_name`, `last_name`, `email`, `phone`, `created_at`, `updated_at`) VALUES (22, 'Nicklaus', 'O\'Connell', 'garland89@example.org', '(191)848-3998', '2011-08-23 21:28:38', '2003-11-19 00:13:07');
INSERT INTO `users` (`id`, `first_name`, `last_name`, `email`, `phone`, `created_at`, `updated_at`) VALUES (23, 'Jamaal', 'Hartmann', 'lgrant@example.org', '148.183.9820', '1985-02-09 13:12:47', '1992-03-12 21:41:15');
INSERT INTO `users` (`id`, `first_name`, `last_name`, `email`, `phone`, `created_at`, `updated_at`) VALUES (24, 'Samir', 'Mills', 'dejah.bednar@example.net', '919.458.2698x3941', '1987-06-27 20:53:57', '2015-12-25 04:18:57');
INSERT INTO `users` (`id`, `first_name`, `last_name`, `email`, `phone`, `created_at`, `updated_at`) VALUES (25, 'Shayne', 'Willms', 'icasper@example.org', '925.701.7145', '2009-05-25 18:49:48', '2005-07-14 12:51:20');
INSERT INTO `users` (`id`, `first_name`, `last_name`, `email`, `phone`, `created_at`, `updated_at`) VALUES (26, 'Sarai', 'White', 'koch.timmy@example.net', '04338167845', '1991-07-18 08:07:31', '1996-09-01 08:09:03');
INSERT INTO `users` (`id`, `first_name`, `last_name`, `email`, `phone`, `created_at`, `updated_at`) VALUES (27, 'Hilario', 'Treutel', 'auer.lurline@example.org', '066-862-5957x5652', '2019-03-16 23:14:19', '2020-12-26 23:08:13');
INSERT INTO `users` (`id`, `first_name`, `last_name`, `email`, `phone`, `created_at`, `updated_at`) VALUES (28, 'Viola', 'O\'Hara', 'eschuppe@example.net', '(338)467-4422', '2006-11-08 04:17:39', '2020-09-18 16:37:43');
INSERT INTO `users` (`id`, `first_name`, `last_name`, `email`, `phone`, `created_at`, `updated_at`) VALUES (29, 'Archibald', 'Reinger', 'price.jules@example.com', '348.663.8663x320', '1977-09-12 07:57:29', '1991-04-12 09:49:00');
INSERT INTO `users` (`id`, `first_name`, `last_name`, `email`, `phone`, `created_at`, `updated_at`) VALUES (30, 'Connie', 'Johns', 'jmorar@example.com', '+09(9)3742149961', '1976-10-10 04:52:25', '2011-02-14 11:58:59');
INSERT INTO `users` (`id`, `first_name`, `last_name`, `email`, `phone`, `created_at`, `updated_at`) VALUES (31, 'Camren', 'Murazik', 'ferry.lauren@example.org', '+13(0)8965953410', '1971-07-16 11:26:49', '1996-06-10 20:31:58');
INSERT INTO `users` (`id`, `first_name`, `last_name`, `email`, `phone`, `created_at`, `updated_at`) VALUES (32, 'Aglae', 'Baumbach', 'hayes.mya@example.net', '169-340-8196', '2015-07-01 15:14:07', '2010-03-09 19:52:28');
INSERT INTO `users` (`id`, `first_name`, `last_name`, `email`, `phone`, `created_at`, `updated_at`) VALUES (33, 'Carolyn', 'Turner', 'runolfsson.general@example.net', '909-366-2992x51625', '1988-09-23 14:18:40', '1983-10-25 02:47:51');
INSERT INTO `users` (`id`, `first_name`, `last_name`, `email`, `phone`, `created_at`, `updated_at`) VALUES (34, 'Lelah', 'Wilkinson', 'ybarton@example.net', '(759)712-1040', '1971-08-02 09:21:26', '2001-07-01 10:22:13');
INSERT INTO `users` (`id`, `first_name`, `last_name`, `email`, `phone`, `created_at`, `updated_at`) VALUES (35, 'Earnest', 'Davis', 'esmeralda.pfannerstill@example.org', '(003)129-5497x54843', '1985-01-18 04:00:46', '1983-09-29 03:24:51');
INSERT INTO `users` (`id`, `first_name`, `last_name`, `email`, `phone`, `created_at`, `updated_at`) VALUES (36, 'Katherine', 'Schowalter', 'mraz.coleman@example.org', '+05(6)3576764344', '1985-07-10 08:46:21', '1992-01-16 23:21:52');
INSERT INTO `users` (`id`, `first_name`, `last_name`, `email`, `phone`, `created_at`, `updated_at`) VALUES (37, 'Darron', 'Tillman', 'alaina70@example.net', '826-791-7887', '1996-08-07 06:18:51', '2005-03-19 18:26:48');
INSERT INTO `users` (`id`, `first_name`, `last_name`, `email`, `phone`, `created_at`, `updated_at`) VALUES (38, 'Nels', 'Considine', 'prohaska.gladys@example.org', '(699)098-0214', '2002-05-23 13:16:33', '1976-10-12 07:55:40');
INSERT INTO `users` (`id`, `first_name`, `last_name`, `email`, `phone`, `created_at`, `updated_at`) VALUES (39, 'Saul', 'Gleichner', 'ilarkin@example.com', '08792932025', '2019-04-21 00:21:06', '1989-05-16 00:02:53');
INSERT INTO `users` (`id`, `first_name`, `last_name`, `email`, `phone`, `created_at`, `updated_at`) VALUES (40, 'Linwood', 'Okuneva', 'carroll.kailyn@example.org', '1-486-165-5118x943', '1976-05-28 08:02:35', '2006-04-07 00:49:08');
INSERT INTO `users` (`id`, `first_name`, `last_name`, `email`, `phone`, `created_at`, `updated_at`) VALUES (41, 'Everett', 'Harber', 'nreichert@example.com', '098.293.5703', '2007-02-20 20:27:37', '1975-01-24 12:00:27');
INSERT INTO `users` (`id`, `first_name`, `last_name`, `email`, `phone`, `created_at`, `updated_at`) VALUES (42, 'Vaughn', 'Borer', 'jamar05@example.org', '(044)800-9777', '1970-09-21 20:01:24', '2018-12-24 19:41:01');
INSERT INTO `users` (`id`, `first_name`, `last_name`, `email`, `phone`, `created_at`, `updated_at`) VALUES (43, 'Wilfred', 'Reilly', 'dhermann@example.org', '599.446.5399x7833', '2010-07-31 04:59:48', '2001-07-09 21:51:37');
INSERT INTO `users` (`id`, `first_name`, `last_name`, `email`, `phone`, `created_at`, `updated_at`) VALUES (44, 'Chadrick', 'Towne', 'martin44@example.org', '111.784.4841x436', '2018-09-15 03:23:38', '1992-07-15 11:00:41');
INSERT INTO `users` (`id`, `first_name`, `last_name`, `email`, `phone`, `created_at`, `updated_at`) VALUES (45, 'Guiseppe', 'Block', 'reynolds.willa@example.org', '1-808-066-0000', '2013-08-28 04:42:10', '1978-05-19 01:16:32');
INSERT INTO `users` (`id`, `first_name`, `last_name`, `email`, `phone`, `created_at`, `updated_at`) VALUES (46, 'Malvina', 'Toy', 'zboncak.delphine@example.org', '(539)770-3913x942', '1976-08-24 10:25:04', '2014-07-06 10:21:44');
INSERT INTO `users` (`id`, `first_name`, `last_name`, `email`, `phone`, `created_at`, `updated_at`) VALUES (47, 'Titus', 'Kuhic', 'gswift@example.com', '(648)100-7168x1941', '1995-09-16 19:45:47', '1977-07-29 18:11:30');
INSERT INTO `users` (`id`, `first_name`, `last_name`, `email`, `phone`, `created_at`, `updated_at`) VALUES (48, 'Jerrod', 'Flatley', 'hoeger.ezequiel@example.com', '+77(8)2496231107', '2010-11-08 17:12:30', '1978-11-25 04:04:07');
INSERT INTO `users` (`id`, `first_name`, `last_name`, `email`, `phone`, `created_at`, `updated_at`) VALUES (49, 'Curtis', 'McGlynn', 'uweissnat@example.net', '(949)340-6143', '1993-03-02 21:00:40', '2021-03-15 13:58:14');
INSERT INTO `users` (`id`, `first_name`, `last_name`, `email`, `phone`, `created_at`, `updated_at`) VALUES (50, 'Gail', 'Willms', 'iprosacco@example.org', '(350)133-7735x99573', '1975-02-28 06:37:27', '2017-01-10 03:02:34');
INSERT INTO `users` (`id`, `first_name`, `last_name`, `email`, `phone`, `created_at`, `updated_at`) VALUES (51, 'Vern', 'McGlynn', 'hilpert.ashtyn@example.net', '+90(7)7167327366', '1999-07-21 15:02:24', '1972-04-05 14:28:09');
INSERT INTO `users` (`id`, `first_name`, `last_name`, `email`, `phone`, `created_at`, `updated_at`) VALUES (52, 'Fritz', 'Emmerich', 'kbailey@example.net', '196-731-0060', '2003-11-24 11:03:12', '1977-12-26 03:18:50');
INSERT INTO `users` (`id`, `first_name`, `last_name`, `email`, `phone`, `created_at`, `updated_at`) VALUES (53, 'Tracey', 'Willms', 'kuphal.june@example.net', '1-814-237-5271', '1985-07-04 07:00:42', '1978-03-10 07:22:51');
INSERT INTO `users` (`id`, `first_name`, `last_name`, `email`, `phone`, `created_at`, `updated_at`) VALUES (54, 'Mazie', 'Fisher', 'maiya.gleason@example.net', '925.333.3350', '1994-11-22 20:19:04', '2000-10-02 09:19:44');
INSERT INTO `users` (`id`, `first_name`, `last_name`, `email`, `phone`, `created_at`, `updated_at`) VALUES (55, 'Myriam', 'Brekke', 'alex.zemlak@example.net', '813-641-8272x37428', '2007-06-18 05:11:37', '2004-03-04 01:50:38');
INSERT INTO `users` (`id`, `first_name`, `last_name`, `email`, `phone`, `created_at`, `updated_at`) VALUES (56, 'Shanie', 'Smitham', 'maria02@example.com', '(129)240-5806x51174', '2009-10-12 09:33:38', '1982-08-23 16:08:42');
INSERT INTO `users` (`id`, `first_name`, `last_name`, `email`, `phone`, `created_at`, `updated_at`) VALUES (57, 'Vita', 'Stracke', 'zlangworth@example.org', '+52(0)3360218558', '1990-08-18 08:25:55', '2020-06-06 19:39:40');
INSERT INTO `users` (`id`, `first_name`, `last_name`, `email`, `phone`, `created_at`, `updated_at`) VALUES (58, 'Germaine', 'Haley', 'nnienow@example.com', '533.540.7306x14867', '2020-03-31 16:25:13', '1997-05-04 08:54:29');
INSERT INTO `users` (`id`, `first_name`, `last_name`, `email`, `phone`, `created_at`, `updated_at`) VALUES (59, 'Ned', 'Murray', 'swift.angelo@example.net', '+34(4)8182822981', '2004-04-07 01:59:43', '1993-03-15 05:22:40');
INSERT INTO `users` (`id`, `first_name`, `last_name`, `email`, `phone`, `created_at`, `updated_at`) VALUES (60, 'Ned', 'Welch', 'ajenkins@example.com', '189.018.3636', '1980-08-16 18:44:39', '1988-04-19 18:22:24');
INSERT INTO `users` (`id`, `first_name`, `last_name`, `email`, `phone`, `created_at`, `updated_at`) VALUES (61, 'Tito', 'Strosin', 'carroll28@example.net', '+20(4)1409094978', '1994-03-01 03:21:13', '2004-07-20 06:52:47');
INSERT INTO `users` (`id`, `first_name`, `last_name`, `email`, `phone`, `created_at`, `updated_at`) VALUES (62, 'Emiliano', 'Russel', 'schoen.toney@example.net', '736.699.6894x2667', '1978-09-24 23:30:48', '1992-01-05 22:19:41');
INSERT INTO `users` (`id`, `first_name`, `last_name`, `email`, `phone`, `created_at`, `updated_at`) VALUES (63, 'Cortez', 'Hahn', 'mcclure.jaquan@example.org', '+73(4)3453382193', '1984-08-19 12:36:59', '1975-01-20 07:22:51');
INSERT INTO `users` (`id`, `first_name`, `last_name`, `email`, `phone`, `created_at`, `updated_at`) VALUES (64, 'Michele', 'Heidenreich', 'nprosacco@example.com', '203.005.3851', '1987-06-20 16:55:55', '1976-12-24 01:28:38');
INSERT INTO `users` (`id`, `first_name`, `last_name`, `email`, `phone`, `created_at`, `updated_at`) VALUES (65, 'Maeve', 'Kshlerin', 'destiny19@example.net', '07379699007', '1996-11-19 16:38:25', '1979-08-30 04:53:51');
INSERT INTO `users` (`id`, `first_name`, `last_name`, `email`, `phone`, `created_at`, `updated_at`) VALUES (66, 'Orlo', 'Keebler', 'greyson69@example.net', '(767)621-3459x3829', '2019-09-29 09:59:43', '1988-03-11 14:37:30');
INSERT INTO `users` (`id`, `first_name`, `last_name`, `email`, `phone`, `created_at`, `updated_at`) VALUES (67, 'Liam', 'Cronin', 'ayana.hamill@example.org', '(738)546-8177', '2017-11-16 02:06:46', '1984-09-16 13:12:20');
INSERT INTO `users` (`id`, `first_name`, `last_name`, `email`, `phone`, `created_at`, `updated_at`) VALUES (68, 'Emma', 'Gleason', 'bradtke.pablo@example.com', '404.312.4417', '2009-04-11 02:15:38', '2016-07-02 22:19:27');
INSERT INTO `users` (`id`, `first_name`, `last_name`, `email`, `phone`, `created_at`, `updated_at`) VALUES (69, 'Aisha', 'Harvey', 'hheaney@example.com', '(955)120-0303', '2006-11-25 03:49:57', '2012-03-21 21:38:07');
INSERT INTO `users` (`id`, `first_name`, `last_name`, `email`, `phone`, `created_at`, `updated_at`) VALUES (70, 'Dawn', 'Stamm', 'heaney.casandra@example.com', '1-930-137-7387', '1990-05-11 16:32:25', '2020-09-25 00:29:24');
INSERT INTO `users` (`id`, `first_name`, `last_name`, `email`, `phone`, `created_at`, `updated_at`) VALUES (71, 'Julien', 'Hudson', 'joey.kilback@example.com', '1-083-820-6114x7657', '1978-06-13 10:56:14', '2003-09-28 14:11:23');
INSERT INTO `users` (`id`, `first_name`, `last_name`, `email`, `phone`, `created_at`, `updated_at`) VALUES (72, 'Isidro', 'Turner', 'ksmitham@example.com', '1-795-244-5374x355', '1994-05-26 18:24:12', '2021-05-26 03:24:07');
INSERT INTO `users` (`id`, `first_name`, `last_name`, `email`, `phone`, `created_at`, `updated_at`) VALUES (73, 'Meggie', 'Wisoky', 'jocelyn76@example.org', '+15(9)2723382025', '2016-10-23 18:04:15', '2018-11-04 08:39:16');
INSERT INTO `users` (`id`, `first_name`, `last_name`, `email`, `phone`, `created_at`, `updated_at`) VALUES (74, 'Lolita', 'Towne', 'uswaniawski@example.org', '1-892-890-0946x114', '2020-04-22 12:04:47', '1989-01-22 11:44:52');
INSERT INTO `users` (`id`, `first_name`, `last_name`, `email`, `phone`, `created_at`, `updated_at`) VALUES (75, 'Roel', 'Bradtke', 'dashawn16@example.org', '(380)546-9187', '1988-02-13 20:09:57', '2010-09-19 18:09:40');
INSERT INTO `users` (`id`, `first_name`, `last_name`, `email`, `phone`, `created_at`, `updated_at`) VALUES (76, 'Reuben', 'Padberg', 'mayert.remington@example.org', '551-523-5793x188', '1972-07-05 15:40:48', '1978-03-18 12:49:51');
INSERT INTO `users` (`id`, `first_name`, `last_name`, `email`, `phone`, `created_at`, `updated_at`) VALUES (77, 'Margarete', 'Tillman', 'mabelle25@example.com', '1-261-178-2768x833', '1988-07-29 21:18:07', '1972-03-08 11:39:05');
INSERT INTO `users` (`id`, `first_name`, `last_name`, `email`, `phone`, `created_at`, `updated_at`) VALUES (78, 'Geraldine', 'Kris', 'plabadie@example.net', '+80(3)5683892072', '1996-09-21 04:29:47', '1990-12-31 12:37:07');
INSERT INTO `users` (`id`, `first_name`, `last_name`, `email`, `phone`, `created_at`, `updated_at`) VALUES (79, 'Donnie', 'Pouros', 'theodore81@example.com', '976-411-9299', '1972-08-25 13:07:24', '2015-05-10 15:11:56');
INSERT INTO `users` (`id`, `first_name`, `last_name`, `email`, `phone`, `created_at`, `updated_at`) VALUES (80, 'Silas', 'Gaylord', 'rosamond.schamberger@example.com', '386.214.0867x50180', '1987-04-10 04:44:01', '2002-12-09 22:47:05');
INSERT INTO `users` (`id`, `first_name`, `last_name`, `email`, `phone`, `created_at`, `updated_at`) VALUES (81, 'Virginie', 'Lakin', 'bheller@example.org', '666.465.8551', '1988-06-19 13:56:03', '1993-01-14 18:03:42');
INSERT INTO `users` (`id`, `first_name`, `last_name`, `email`, `phone`, `created_at`, `updated_at`) VALUES (82, 'Shany', 'Stark', 'morissette.gerard@example.net', '(059)087-9239', '1986-12-03 04:55:46', '2002-03-17 04:30:35');
INSERT INTO `users` (`id`, `first_name`, `last_name`, `email`, `phone`, `created_at`, `updated_at`) VALUES (83, 'Armand', 'Dach', 'murphy.isabella@example.com', '(856)476-9388x577', '2002-06-19 00:22:32', '1973-01-14 06:35:38');
INSERT INTO `users` (`id`, `first_name`, `last_name`, `email`, `phone`, `created_at`, `updated_at`) VALUES (84, 'Kayley', 'Olson', 'kaycee.bahringer@example.net', '478-365-9275x77060', '1985-12-20 04:33:34', '1982-02-26 03:34:20');
INSERT INTO `users` (`id`, `first_name`, `last_name`, `email`, `phone`, `created_at`, `updated_at`) VALUES (85, 'Jessika', 'Kilback', 'ladarius84@example.net', '(488)622-2651x67197', '1990-02-28 15:22:16', '1996-04-09 21:19:03');
INSERT INTO `users` (`id`, `first_name`, `last_name`, `email`, `phone`, `created_at`, `updated_at`) VALUES (86, 'Jazmin', 'Adams', 'enrico.schroeder@example.net', '765.112.4514x3440', '1984-01-07 07:32:19', '1999-01-15 08:34:39');
INSERT INTO `users` (`id`, `first_name`, `last_name`, `email`, `phone`, `created_at`, `updated_at`) VALUES (87, 'Ivy', 'Ullrich', 'stroman.caroline@example.net', '+29(2)5361948433', '2001-02-25 09:13:17', '1976-08-08 16:07:49');
INSERT INTO `users` (`id`, `first_name`, `last_name`, `email`, `phone`, `created_at`, `updated_at`) VALUES (88, 'Polly', 'West', 'peffertz@example.org', '+64(4)5004776050', '2012-07-13 21:49:49', '1987-12-18 11:33:17');
INSERT INTO `users` (`id`, `first_name`, `last_name`, `email`, `phone`, `created_at`, `updated_at`) VALUES (89, 'Hadley', 'Mueller', 'nicolas.frami@example.net', '1-986-453-2581', '2016-06-27 09:10:19', '1995-06-10 07:04:20');
INSERT INTO `users` (`id`, `first_name`, `last_name`, `email`, `phone`, `created_at`, `updated_at`) VALUES (90, 'Jody', 'Wyman', 'johnson.keyshawn@example.net', '03718674378', '1973-08-08 20:47:38', '1972-10-20 21:24:38');
INSERT INTO `users` (`id`, `first_name`, `last_name`, `email`, `phone`, `created_at`, `updated_at`) VALUES (91, 'Brielle', 'Heller', 'djakubowski@example.net', '1-273-931-4445x864', '1974-09-29 12:59:17', '1996-05-26 01:33:48');
INSERT INTO `users` (`id`, `first_name`, `last_name`, `email`, `phone`, `created_at`, `updated_at`) VALUES (92, 'Kamryn', 'Kunde', 'rhomenick@example.org', '996-762-4343x89770', '2008-05-22 21:00:18', '1983-02-12 15:38:25');
INSERT INTO `users` (`id`, `first_name`, `last_name`, `email`, `phone`, `created_at`, `updated_at`) VALUES (93, 'Kane', 'Gutmann', 'bhaley@example.net', '1-540-024-7947x2432', '1971-12-14 18:33:38', '1971-01-29 01:31:00');
INSERT INTO `users` (`id`, `first_name`, `last_name`, `email`, `phone`, `created_at`, `updated_at`) VALUES (94, 'Eudora', 'Beer', 'katlyn.hartmann@example.com', '1-474-946-3516x431', '2016-10-17 16:52:04', '2007-07-07 17:24:29');
INSERT INTO `users` (`id`, `first_name`, `last_name`, `email`, `phone`, `created_at`, `updated_at`) VALUES (95, 'Noble', 'Prohaska', 'bessie.kris@example.com', '+33(9)2644980704', '1973-04-01 07:39:11', '1993-01-05 05:27:15');
INSERT INTO `users` (`id`, `first_name`, `last_name`, `email`, `phone`, `created_at`, `updated_at`) VALUES (96, 'Carter', 'Grant', 'rae.watsica@example.net', '+55(9)6067503186', '2010-07-02 14:24:18', '1971-05-16 03:46:26');
INSERT INTO `users` (`id`, `first_name`, `last_name`, `email`, `phone`, `created_at`, `updated_at`) VALUES (97, 'Keith', 'Rodriguez', 'laverna49@example.org', '(800)392-2703x56602', '1973-09-13 19:37:29', '2012-11-14 23:49:40');
INSERT INTO `users` (`id`, `first_name`, `last_name`, `email`, `phone`, `created_at`, `updated_at`) VALUES (98, 'Darlene', 'Blick', 'winona33@example.org', '449.093.9547x34217', '2010-11-03 02:25:20', '1976-06-28 05:54:04');
INSERT INTO `users` (`id`, `first_name`, `last_name`, `email`, `phone`, `created_at`, `updated_at`) VALUES (99, 'Napoleon', 'Parisian', 'kasey.torp@example.net', '545-897-6186x4552', '1977-07-04 06:15:04', '2001-02-28 23:47:37');
INSERT INTO `users` (`id`, `first_name`, `last_name`, `email`, `phone`, `created_at`, `updated_at`) VALUES (100, 'Sterling', 'Koelpin', 'willis.ankunding@example.net', '145-611-6630x967', '1995-12-19 00:43:01', '2000-03-24 06:20:20');


